konveksi,kodebarang,namabarang,deskripsi,hargamodal,dailyprice,linkproduk,anamapesaing,alinkpesaing,bnamapesaing,blinkpesaing
BIOAQUA,D8221,BIOAQUA 24KGOLD BodyWash 400ml,D8221-BIOAQUA-24KGOLD-BodyWash-400ml,32200,37030,https://shopee.co.id/DOMMO-D8221-BIOAQUA-24K-Gold-Series-Essence-Serum-Eye-Cream-Cleanser-Body-Wash-Mask-Facial-Kit-i.135900627.16275081384?sp_atk=1ffef369-7ccb-4a75-949d-88e1b7c84d1f&xptdk=1ffef369-7ccb-4a75-949d-88e1b7c84d1f,TNT,https://shopee.co.id/%E3%80%90BPOM%E3%80%91BIOAQUA-24K-Gold-Series-Skin-Brightening-Serum-Wajah-Essence-Cream-Toner-Cleanser-Pembersih-Wajah-Body-Wash-BIO-AQUA-i.744873.15580386164?sp_atk=812e40b7-12d0-4f70-99ca-199b62f084e0&xptdk=812e40b7-12d0-4f70-99ca-199b62f084e0,BELIA,
BIOAQUA,D8221,BIOAQUA 24KGOLD Cream 50g,D8221-BIOAQUA-24KGOLD-Cream-50g,28000,29899,https://shopee.co.id/DOMMO-D8221-BIOAQUA-24K-Gold-Series-Essence-Serum-Eye-Cream-Cleanser-Body-Wash-Mask-Facial-Kit-i.135900627.16275081384?sp_atk=1ffef369-7ccb-4a75-949d-88e1b7c84d1f&xptdk=1ffef369-7ccb-4a75-949d-88e1b7c84d1f,TNT,https://shopee.co.id/%E3%80%90BPOM%E3%80%91BIOAQUA-24K-Gold-Series-Skin-Brightening-Serum-Wajah-Essence-Cream-Toner-Cleanser-Pembersih-Wajah-Body-Wash-BIO-AQUA-i.744873.15580386164?sp_atk=812e40b7-12d0-4f70-99ca-199b62f084e0&xptdk=812e40b7-12d0-4f70-99ca-199b62f084e0,BELIA,
BIOAQUA,D8221,BIOAQUA 24KGOLD EyeCream 20g,D8221-BIOAQUA-24KGOLD-EyeCream-20g,56000,64499,https://shopee.co.id/DOMMO-D8221-BIOAQUA-24K-Gold-Series-Essence-Serum-Eye-Cream-Cleanser-Body-Wash-Mask-Facial-Kit-i.135900627.16275081384?sp_atk=1ffef369-7ccb-4a75-949d-88e1b7c84d1f&xptdk=1ffef369-7ccb-4a75-949d-88e1b7c84d1f,TNT,https://shopee.co.id/%E3%80%90BPOM%E3%80%91BIOAQUA-24K-Gold-Series-Skin-Brightening-Serum-Wajah-Essence-Cream-Toner-Cleanser-Pembersih-Wajah-Body-Wash-BIO-AQUA-i.744873.15580386164?sp_atk=812e40b7-12d0-4f70-99ca-199b62f084e0&xptdk=812e40b7-12d0-4f70-99ca-199b62f084e0,BELIA,
BIOAQUA,D8221,BIOAQUA 24KGOLD FacialCleanser 200ml,D8221-BIOAQUA-24KGOLD-FacialCleanser-200ml,28000,31900,https://shopee.co.id/DOMMO-D8221-BIOAQUA-24K-Gold-Series-Essence-Serum-Eye-Cream-Cleanser-Body-Wash-Mask-Facial-Kit-i.135900627.16275081384?sp_atk=1ffef369-7ccb-4a75-949d-88e1b7c84d1f&xptdk=1ffef369-7ccb-4a75-949d-88e1b7c84d1f,TNT,https://shopee.co.id/%E3%80%90BPOM%E3%80%91BIOAQUA-24K-Gold-Series-Skin-Brightening-Serum-Wajah-Essence-Cream-Toner-Cleanser-Pembersih-Wajah-Body-Wash-BIO-AQUA-i.744873.15580386164?sp_atk=812e40b7-12d0-4f70-99ca-199b62f084e0&xptdk=812e40b7-12d0-4f70-99ca-199b62f084e0,BELIA,
BIOAQUA,D8221,BIOAQUA 24KGOLD FacialMask Set,D8221-BIOAQUA-24KGOLD-FacialMask-Set,0,0,https://shopee.co.id/DOMMO-D8221-BIOAQUA-24K-Gold-Series-Essence-Serum-Eye-Cream-Cleanser-Body-Wash-Mask-Facial-Kit-i.135900627.16275081384?sp_atk=1ffef369-7ccb-4a75-949d-88e1b7c84d1f&xptdk=1ffef369-7ccb-4a75-949d-88e1b7c84d1f,TNT,https://shopee.co.id/%E3%80%90BPOM%E3%80%91BIOAQUA-24K-Gold-Series-Skin-Brightening-Serum-Wajah-Essence-Cream-Toner-Cleanser-Pembersih-Wajah-Body-Wash-BIO-AQUA-i.744873.15580386164?sp_atk=812e40b7-12d0-4f70-99ca-199b62f084e0&xptdk=812e40b7-12d0-4f70-99ca-199b62f084e0,BELIA,
BIOAQUA,D8221,BIOAQUA 24KGOLD FacialTrialKit,D8221-BIOAQUA-24KGOLD-FacialTrialKit,0,0,https://shopee.co.id/DOMMO-D8221-BIOAQUA-24K-Gold-Series-Essence-Serum-Eye-Cream-Cleanser-Body-Wash-Mask-Facial-Kit-i.135900627.16275081384?sp_atk=1ffef369-7ccb-4a75-949d-88e1b7c84d1f&xptdk=1ffef369-7ccb-4a75-949d-88e1b7c84d1f,TNT,https://shopee.co.id/%E3%80%90BPOM%E3%80%91BIOAQUA-24K-Gold-Series-Skin-Brightening-Serum-Wajah-Essence-Cream-Toner-Cleanser-Pembersih-Wajah-Body-Wash-BIO-AQUA-i.744873.15580386164?sp_atk=812e40b7-12d0-4f70-99ca-199b62f084e0&xptdk=812e40b7-12d0-4f70-99ca-199b62f084e0,BELIA,
BIOAQUA,D8221,BIOAQUA 24KGOLD Serum 30ml,D8221-BIOAQUA-24KGOLD-Serum-30ml,0,0,https://shopee.co.id/DOMMO-D8221-BIOAQUA-24K-Gold-Series-Essence-Serum-Eye-Cream-Cleanser-Body-Wash-Mask-Facial-Kit-i.135900627.16275081384?sp_atk=1ffef369-7ccb-4a75-949d-88e1b7c84d1f&xptdk=1ffef369-7ccb-4a75-949d-88e1b7c84d1f,TNT,https://shopee.co.id/%E3%80%90BPOM%E3%80%91BIOAQUA-24K-Gold-Series-Skin-Brightening-Serum-Wajah-Essence-Cream-Toner-Cleanser-Pembersih-Wajah-Body-Wash-BIO-AQUA-i.744873.15580386164?sp_atk=812e40b7-12d0-4f70-99ca-199b62f084e0&xptdk=812e40b7-12d0-4f70-99ca-199b62f084e0,BELIA,
BIOAQUA,D8221,BIOAQUA 24KGOLD Serum 50ml,D8221-BIOAQUA-24KGOLD-Serum-50ml,28000,35999,https://shopee.co.id/DOMMO-D8221-BIOAQUA-24K-Gold-Series-Essence-Serum-Eye-Cream-Cleanser-Body-Wash-Mask-Facial-Kit-i.135900627.16275081384?sp_atk=1ffef369-7ccb-4a75-949d-88e1b7c84d1f&xptdk=1ffef369-7ccb-4a75-949d-88e1b7c84d1f,TNT,https://shopee.co.id/%E3%80%90BPOM%E3%80%91BIOAQUA-24K-Gold-Series-Skin-Brightening-Serum-Wajah-Essence-Cream-Toner-Cleanser-Pembersih-Wajah-Body-Wash-BIO-AQUA-i.744873.15580386164?sp_atk=812e40b7-12d0-4f70-99ca-199b62f084e0&xptdk=812e40b7-12d0-4f70-99ca-199b62f084e0,BELIA,
BIOAQUA,D8221,BIOAQUA 24KGOLD Toner 100ml,D8221-BIOAQUA-24KGOLD-Toner-100ml,0,0,https://shopee.co.id/DOMMO-D8221-BIOAQUA-24K-Gold-Series-Essence-Serum-Eye-Cream-Cleanser-Body-Wash-Mask-Facial-Kit-i.135900627.16275081384?sp_atk=1ffef369-7ccb-4a75-949d-88e1b7c84d1f&xptdk=1ffef369-7ccb-4a75-949d-88e1b7c84d1f,TNT,https://shopee.co.id/%E3%80%90BPOM%E3%80%91BIOAQUA-24K-Gold-Series-Skin-Brightening-Serum-Wajah-Essence-Cream-Toner-Cleanser-Pembersih-Wajah-Body-Wash-BIO-AQUA-i.744873.15580386164?sp_atk=812e40b7-12d0-4f70-99ca-199b62f084e0&xptdk=812e40b7-12d0-4f70-99ca-199b62f084e0,BELIA,
BIOAQUA,D8221,BIOAQUA 24KGOLD Toner 300ml,D8221-BIOAQUA-24KGOLD-Toner-300ml,0,0,https://shopee.co.id/DOMMO-D8221-BIOAQUA-24K-Gold-Series-Essence-Serum-Eye-Cream-Cleanser-Body-Wash-Mask-Facial-Kit-i.135900627.16275081384?sp_atk=1ffef369-7ccb-4a75-949d-88e1b7c84d1f&xptdk=1ffef369-7ccb-4a75-949d-88e1b7c84d1f,TNT,https://shopee.co.id/%E3%80%90BPOM%E3%80%91BIOAQUA-24K-Gold-Series-Skin-Brightening-Serum-Wajah-Essence-Cream-Toner-Cleanser-Pembersih-Wajah-Body-Wash-BIO-AQUA-i.744873.15580386164?sp_atk=812e40b7-12d0-4f70-99ca-199b62f084e0&xptdk=812e40b7-12d0-4f70-99ca-199b62f084e0,BELIA,
BIOAQUA,D8221,BIOAQUA B.B Ivory,D8221-BIOAQUA-B.B-Ivory,0,0,https://shopee.co.id/DOMMO-D8221-BIOAQUA-BB-Cushion-Whitening-Beauty-Cream-20g-BB-Cream-SUNISA-CC-Cushion-i.135900627.16875134719?sp_atk=b0ccdd89-387a-4de9-83bd-1ce6bf0b96e9&xptdk=b0ccdd89-387a-4de9-83bd-1ce6bf0b96e9,TNT,,BELIA,
BIOAQUA,D8221,BIOAQUA B.B LightComplexion,D8221-BIOAQUA-B.B-LightComplexion,0,0,https://shopee.co.id/DOMMO-D8221-BIOAQUA-BB-Cushion-Whitening-Beauty-Cream-20g-BB-Cream-SUNISA-CC-Cushion-i.135900627.16875134719?sp_atk=b0ccdd89-387a-4de9-83bd-1ce6bf0b96e9&xptdk=b0ccdd89-387a-4de9-83bd-1ce6bf0b96e9,TNT,,BELIA,
BIOAQUA,D8221,BIOAQUA B.B Natural,D8221-BIOAQUA-B.B-Natural,0,0,https://shopee.co.id/DOMMO-D8221-BIOAQUA-BB-Cushion-Whitening-Beauty-Cream-20g-BB-Cream-SUNISA-CC-Cushion-i.135900627.16875134719?sp_atk=b0ccdd89-387a-4de9-83bd-1ce6bf0b96e9&xptdk=b0ccdd89-387a-4de9-83bd-1ce6bf0b96e9,TNT,,BELIA,
BIOAQUA,D8221,BIOAQUA BeautyCream BeigeColor,D8221-BIOAQUA-BeautyCream-BeigeColor,39200,41899,https://shopee.co.id/DOMMO-D8221-BIOAQUA-BB-Cushion-Whitening-Beauty-Cream-20g-BB-Cream-SUNISA-CC-Cushion-i.135900627.16875134719?sp_atk=b0ccdd89-387a-4de9-83bd-1ce6bf0b96e9&xptdk=b0ccdd89-387a-4de9-83bd-1ce6bf0b96e9,TNT,https://shopee.co.id/%E3%80%90BPOM%E3%80%91BIOAQUA-BB-Cushion-Whitening-Beauty-Cream-20g-BIO-AQUA-i.744873.14980191739?sp_atk=3dfb3002-695e-463b-833b-0eebf3f567d7&xptdk=3dfb3002-695e-463b-833b-0eebf3f567d7,BELIA,
BIOAQUA,D8221,BIOAQUA BeautyCream IvoryWhite,D8221-BIOAQUA-BeautyCream-IvoryWhite,39200,41899,https://shopee.co.id/DOMMO-D8221-BIOAQUA-BB-Cushion-Whitening-Beauty-Cream-20g-BB-Cream-SUNISA-CC-Cushion-i.135900627.16875134719?sp_atk=b0ccdd89-387a-4de9-83bd-1ce6bf0b96e9&xptdk=b0ccdd89-387a-4de9-83bd-1ce6bf0b96e9,TNT,https://shopee.co.id/%E3%80%90BPOM%E3%80%91BIOAQUA-BB-Cushion-Whitening-Beauty-Cream-20g-BIO-AQUA-i.744873.14980191739?sp_atk=3dfb3002-695e-463b-833b-0eebf3f567d7&xptdk=3dfb3002-695e-463b-833b-0eebf3f567d7,BELIA,
BIOAQUA,D8221,BIOAQUA BeautyCream NaturalColor,D8221-BIOAQUA-BeautyCream-NaturalColor,39200,41899,https://shopee.co.id/DOMMO-D8221-BIOAQUA-BB-Cushion-Whitening-Beauty-Cream-20g-BB-Cream-SUNISA-CC-Cushion-i.135900627.16875134719?sp_atk=b0ccdd89-387a-4de9-83bd-1ce6bf0b96e9&xptdk=b0ccdd89-387a-4de9-83bd-1ce6bf0b96e9,TNT,https://shopee.co.id/%E3%80%90BPOM%E3%80%91BIOAQUA-BB-Cushion-Whitening-Beauty-Cream-20g-BIO-AQUA-i.744873.14980191739?sp_atk=3dfb3002-695e-463b-833b-0eebf3f567d7&xptdk=3dfb3002-695e-463b-833b-0eebf3f567d7,BELIA,
BIOAQUA,D8221,BIOAQUA Beautycret 24KGoldenLuxury28g,D8221-BIOAQUA-Beautycret-24KGoldenLuxury28g,0,0,,TNT,,BELIA,
BIOAQUA,D8221,BIOAQUA Beautycret PeptideSkinSecret28g,D8221-BIOAQUA-Beautycret-PeptideSkinSecret28g,0,0,,TNT,,BELIA,
BIOAQUA,D8221,BIOAQUA Essence AcneCare 30ml,D8221-BIOAQUA-Essence-AcneCare-30ml,14000,16000,https://shopee.co.id/DOMMO-D8221-BIOAQUA-Serum-Moisturizing-Essence-30ml-Niacinamide-Hyaluronic-Acid-Acne-Care-Hexapeptide-Wrinkle-i.135900627.18611980484?sp_atk=daaff5cb-6fba-4aed-bbdd-b93cb507ec74&xptdk=daaff5cb-6fba-4aed-bbdd-b93cb507ec74,TNT,https://shopee.co.id/%E3%80%90BPOM%E3%80%91BIOAQUA-Serum-Moisturizing-Essence-30ml-Niacinamide-Hyaluronic-Acid-Acne-Care-Serum-Wajah-BIO-AQUA-i.744873.16359450415?sp_atk=3d684b81-c34d-446a-9f70-667328494983&xptdk=3d684b81-c34d-446a-9f70-667328494983,BELIA,
BIOAQUA,D8221,BIOAQUA Essence Hyaluronic 30ml,D8221-BIOAQUA-Essence-Hyaluronic-30ml,14000,16000,https://shopee.co.id/DOMMO-D8221-BIOAQUA-Serum-Moisturizing-Essence-30ml-Niacinamide-Hyaluronic-Acid-Acne-Care-Hexapeptide-Wrinkle-i.135900627.18611980484?sp_atk=daaff5cb-6fba-4aed-bbdd-b93cb507ec74&xptdk=daaff5cb-6fba-4aed-bbdd-b93cb507ec74,TNT,https://shopee.co.id/%E3%80%90BPOM%E3%80%91BIOAQUA-Serum-Moisturizing-Essence-30ml-Niacinamide-Hyaluronic-Acid-Acne-Care-Serum-Wajah-BIO-AQUA-i.744873.16359450415?sp_atk=3d684b81-c34d-446a-9f70-667328494983&xptdk=3d684b81-c34d-446a-9f70-667328494983,BELIA,
BIOAQUA,D8221,BIOAQUA Essence Niacinamide 30ml,D8221-BIOAQUA-Essence-Niacinamide-30ml,14000,16000,https://shopee.co.id/DOMMO-D8221-BIOAQUA-Serum-Moisturizing-Essence-30ml-Niacinamide-Hyaluronic-Acid-Acne-Care-Hexapeptide-Wrinkle-i.135900627.18611980484?sp_atk=daaff5cb-6fba-4aed-bbdd-b93cb507ec74&xptdk=daaff5cb-6fba-4aed-bbdd-b93cb507ec74,TNT,https://shopee.co.id/%E3%80%90BPOM%E3%80%91BIOAQUA-Serum-Moisturizing-Essence-30ml-Niacinamide-Hyaluronic-Acid-Acne-Care-Serum-Wajah-BIO-AQUA-i.744873.16359450415?sp_atk=3d684b81-c34d-446a-9f70-667328494983&xptdk=3d684b81-c34d-446a-9f70-667328494983,BELIA,
BIOAQUA,D8221,BIOAQUA Essence WrinkleCare 30ml,D8221-BIOAQUA-Essence-WrinkleCare-30ml,0,0,,TNT,https://shopee.co.id/%E3%80%90BPOM%E3%80%91BIOAQUA-Serum-Moisturizing-Essence-30ml-Niacinamide-Hyaluronic-Acid-Acne-Care-Serum-Wajah-BIO-AQUA-i.744873.16359450415?sp_atk=3d684b81-c34d-446a-9f70-667328494983&xptdk=3d684b81-c34d-446a-9f70-667328494983,BELIA,
BIOAQUA,D8221,BIOAQUA FaceMaskPowder Aloevera25g,D8221-BIOAQUA-FaceMaskPowder-Aloevera25g,2380,2999,https://shopee.co.id/DOMMO-D8221-BIOAQUA-Daily-Face-Mask-Powder-25g-BIOAQUA-Sheet-Mask-Series-Masker-Wajah-Peel-Off-i.135900627.11296538895?sp_atk=cd0fa97a-8780-4d1b-b2d5-13cb64664f1d&xptdk=cd0fa97a-8780-4d1b-b2d5-13cb64664f1d,TNT,,BELIA,
BIOAQUA,D8221,BIOAQUA FaceMaskPowder Avocado25g,D8221-BIOAQUA-FaceMaskPowder-Avocado25g,2380,2999,https://shopee.co.id/DOMMO-D8221-BIOAQUA-Daily-Face-Mask-Powder-25g-BIOAQUA-Sheet-Mask-Series-Masker-Wajah-Peel-Off-i.135900627.11296538895?sp_atk=cd0fa97a-8780-4d1b-b2d5-13cb64664f1d&xptdk=cd0fa97a-8780-4d1b-b2d5-13cb64664f1d,TNT,,BELIA,
BIOAQUA,D8221,BIOAQUA FaceMaskPowder Blackcurrant25g,D8221-BIOAQUA-FaceMaskPowder-Blackcurrant25g,2380,2999,https://shopee.co.id/DOMMO-D8221-BIOAQUA-Daily-Face-Mask-Powder-25g-BIOAQUA-Sheet-Mask-Series-Masker-Wajah-Peel-Off-i.135900627.11296538895?sp_atk=cd0fa97a-8780-4d1b-b2d5-13cb64664f1d&xptdk=cd0fa97a-8780-4d1b-b2d5-13cb64664f1d,TNT,,BELIA,
BIOAQUA,D8221,BIOAQUA FaceMaskPowder Blueberry25g,D8221-BIOAQUA-FaceMaskPowder-Blueberry25g,2380,2999,https://shopee.co.id/DOMMO-D8221-BIOAQUA-Daily-Face-Mask-Powder-25g-BIOAQUA-Sheet-Mask-Series-Masker-Wajah-Peel-Off-i.135900627.11296538895?sp_atk=cd0fa97a-8780-4d1b-b2d5-13cb64664f1d&xptdk=cd0fa97a-8780-4d1b-b2d5-13cb64664f1d,TNT,,BELIA,
BIOAQUA,D8221,BIOAQUA FaceMaskPowder Centella25g,D8221-BIOAQUA-FaceMaskPowder-Centella25g,2380,2999,https://shopee.co.id/DOMMO-D8221-BIOAQUA-Daily-Face-Mask-Powder-25g-BIOAQUA-Sheet-Mask-Series-Masker-Wajah-Peel-Off-i.135900627.11296538895?sp_atk=cd0fa97a-8780-4d1b-b2d5-13cb64664f1d&xptdk=cd0fa97a-8780-4d1b-b2d5-13cb64664f1d,TNT,,BELIA,
BIOAQUA,D8221,BIOAQUA FaceMaskPowder Chamomile25g,D8221-BIOAQUA-FaceMaskPowder-Chamomile25g,2380,2999,https://shopee.co.id/DOMMO-D8221-BIOAQUA-Daily-Face-Mask-Powder-25g-BIOAQUA-Sheet-Mask-Series-Masker-Wajah-Peel-Off-i.135900627.11296538895?sp_atk=cd0fa97a-8780-4d1b-b2d5-13cb64664f1d&xptdk=cd0fa97a-8780-4d1b-b2d5-13cb64664f1d,TNT,,BELIA,
BIOAQUA,D8221,BIOAQUA FaceMaskPowder FreshStrawberry 20g,D8221-BIOAQUA-FaceMaskPowder-FreshStrawberry-20g,3850,2999,https://shopee.co.id/DOMMO-D8221-BIOAQUA-Daily-Face-Mask-Powder-25g-BIOAQUA-Sheet-Mask-Series-Masker-Wajah-Peel-Off-i.135900627.11296538895?sp_atk=cd0fa97a-8780-4d1b-b2d5-13cb64664f1d&xptdk=cd0fa97a-8780-4d1b-b2d5-13cb64664f1d,TNT,,BELIA,
BIOAQUA,D8221,BIOAQUA FaceMaskPowder FreshStrawberry25g,D8221-BIOAQUA-FaceMaskPowder-FreshStrawberry25g,0,2999,https://shopee.co.id/DOMMO-D8221-BIOAQUA-Daily-Face-Mask-Powder-25g-BIOAQUA-Sheet-Mask-Series-Masker-Wajah-Peel-Off-i.135900627.11296538895?sp_atk=cd0fa97a-8780-4d1b-b2d5-13cb64664f1d&xptdk=cd0fa97a-8780-4d1b-b2d5-13cb64664f1d,TNT,,BELIA,
BIOAQUA,D8221,BIOAQUA FaceMaskPowder Honey25g,D8221-BIOAQUA-FaceMaskPowder-Honey25g,2380,2999,https://shopee.co.id/DOMMO-D8221-BIOAQUA-Daily-Face-Mask-Powder-25g-BIOAQUA-Sheet-Mask-Series-Masker-Wajah-Peel-Off-i.135900627.11296538895?sp_atk=cd0fa97a-8780-4d1b-b2d5-13cb64664f1d&xptdk=cd0fa97a-8780-4d1b-b2d5-13cb64664f1d,TNT,,BELIA,
BIOAQUA,D8221,BIOAQUA FaceMaskPowder IceSensations 20g,D8221-BIOAQUA-FaceMaskPowder-IceSensations-20g,0,2999,https://shopee.co.id/DOMMO-D8221-BIOAQUA-Daily-Face-Mask-Powder-25g-BIOAQUA-Sheet-Mask-Series-Masker-Wajah-Peel-Off-i.135900627.11296538895?sp_atk=cd0fa97a-8780-4d1b-b2d5-13cb64664f1d&xptdk=cd0fa97a-8780-4d1b-b2d5-13cb64664f1d,TNT,https://shopee.co.id/%E3%80%90BPOM%E3%80%91BIOAQUA-Daily-Face-Mask-Powder-Masker-Bubuk-Sachet-20gr-BIO-AQUA-i.744873.16459927804?sp_atk=31584d31-1c31-4727-a2d1-d756914c3ae0&xptdk=31584d31-1c31-4727-a2d1-d756914c3ae0,BELIA,
BIOAQUA,D8221,BIOAQUA FaceMaskPowder IceSensations25g,D8221-BIOAQUA-FaceMaskPowder-IceSensations25g,0,2999,https://shopee.co.id/DOMMO-D8221-BIOAQUA-Daily-Face-Mask-Powder-25g-BIOAQUA-Sheet-Mask-Series-Masker-Wajah-Peel-Off-i.135900627.11296538895?sp_atk=cd0fa97a-8780-4d1b-b2d5-13cb64664f1d&xptdk=cd0fa97a-8780-4d1b-b2d5-13cb64664f1d,TNT,,BELIA,
BIOAQUA,D8221,BIOAQUA FaceMaskPowder Kiwi25g,D8221-BIOAQUA-FaceMaskPowder-Kiwi25g,2380,2999,https://shopee.co.id/DOMMO-D8221-BIOAQUA-Daily-Face-Mask-Powder-25g-BIOAQUA-Sheet-Mask-Series-Masker-Wajah-Peel-Off-i.135900627.11296538895?sp_atk=cd0fa97a-8780-4d1b-b2d5-13cb64664f1d&xptdk=cd0fa97a-8780-4d1b-b2d5-13cb64664f1d,TNT,,BELIA,
BIOAQUA,D8221,BIOAQUA FaceMaskPowder Lemon25g,D8221-BIOAQUA-FaceMaskPowder-Lemon25g,2380,2999,https://shopee.co.id/DOMMO-D8221-BIOAQUA-Daily-Face-Mask-Powder-25g-BIOAQUA-Sheet-Mask-Series-Masker-Wajah-Peel-Off-i.135900627.11296538895?sp_atk=cd0fa97a-8780-4d1b-b2d5-13cb64664f1d&xptdk=cd0fa97a-8780-4d1b-b2d5-13cb64664f1d,TNT,,BELIA,
BIOAQUA,D8221,BIOAQUA FaceMaskPowder MatchaGreentea 20g,D8221-BIOAQUA-FaceMaskPowder-MatchaGreentea-20g,0,2999,https://shopee.co.id/DOMMO-D8221-BIOAQUA-Daily-Face-Mask-Powder-25g-BIOAQUA-Sheet-Mask-Series-Masker-Wajah-Peel-Off-i.135900627.11296538895?sp_atk=cd0fa97a-8780-4d1b-b2d5-13cb64664f1d&xptdk=cd0fa97a-8780-4d1b-b2d5-13cb64664f1d,TNT,,BELIA,
BIOAQUA,D8221,BIOAQUA FaceMaskPowder MatchaGreentea25g,D8221-BIOAQUA-FaceMaskPowder-MatchaGreentea25g,0,2999,https://shopee.co.id/DOMMO-D8221-BIOAQUA-Daily-Face-Mask-Powder-25g-BIOAQUA-Sheet-Mask-Series-Masker-Wajah-Peel-Off-i.135900627.11296538895?sp_atk=cd0fa97a-8780-4d1b-b2d5-13cb64664f1d&xptdk=cd0fa97a-8780-4d1b-b2d5-13cb64664f1d,TNT,,BELIA,
BIOAQUA,D8221,BIOAQUA FaceMaskPowder Peach25g,D8221-BIOAQUA-FaceMaskPowder-Peach25g,2380,2999,https://shopee.co.id/DOMMO-D8221-BIOAQUA-Daily-Face-Mask-Powder-25g-BIOAQUA-Sheet-Mask-Series-Masker-Wajah-Peel-Off-i.135900627.11296538895?sp_atk=cd0fa97a-8780-4d1b-b2d5-13cb64664f1d&xptdk=cd0fa97a-8780-4d1b-b2d5-13cb64664f1d,TNT,,BELIA,
BIOAQUA,D8221,BIOAQUA FaceMaskPowder Pomegrante25g,D8221-BIOAQUA-FaceMaskPowder-Pomegrante25g,2380,2999,https://shopee.co.id/DOMMO-D8221-BIOAQUA-Daily-Face-Mask-Powder-25g-BIOAQUA-Sheet-Mask-Series-Masker-Wajah-Peel-Off-i.135900627.11296538895?sp_atk=cd0fa97a-8780-4d1b-b2d5-13cb64664f1d&xptdk=cd0fa97a-8780-4d1b-b2d5-13cb64664f1d,TNT,,BELIA,
BIOAQUA,D8221,BIOAQUA FaceMaskPowder SeaBuckthorn25g,D8221-BIOAQUA-FaceMaskPowder-SeaBuckthorn25g,2380,2999,https://shopee.co.id/DOMMO-D8221-BIOAQUA-Daily-Face-Mask-Powder-25g-BIOAQUA-Sheet-Mask-Series-Masker-Wajah-Peel-Off-i.135900627.11296538895?sp_atk=cd0fa97a-8780-4d1b-b2d5-13cb64664f1d&xptdk=cd0fa97a-8780-4d1b-b2d5-13cb64664f1d,TNT,,BELIA,
BIOAQUA,D8221,"Bioaqua GoldenEyemask7,5g","D8221-Bioaqua-GoldenEyemask7,5g",2100,2700,https://shopee.co.id/DOMMO-D8221-BIOAQUA-Eye-Mask-Moisturizing-Series-7-5g-Masker-Mata-i.135900627.17074604013?sp_atk=3efd33ef-cb1c-405c-ad3f-3ba5cdb5d7a4&xptdk=3efd33ef-cb1c-405c-ad3f-3ba5cdb5d7a4,TNT,https://shopee.co.id/%E3%80%90BPOM%E3%80%91BIOAQUA-eye-mask-Moisturizing-masker-mata-7.5g-Memudarkan-kerutan-mata-BIO-AQUA-i.744873.14880209645?sp_atk=8ae896d4-7cd0-4307-b19a-a88cb2a4ddbc&xptdk=8ae896d4-7cd0-4307-b19a-a88cb2a4ddbc,BELIA,
BIOAQUA,D8221,"Bioaqua GreenEyemask7,5g","D8221-Bioaqua-GreenEyemask7,5g",2100,2700,https://shopee.co.id/DOMMO-D8221-BIOAQUA-Eye-Mask-Moisturizing-Series-7-5g-Masker-Mata-i.135900627.17074604013?sp_atk=3efd33ef-cb1c-405c-ad3f-3ba5cdb5d7a4&xptdk=3efd33ef-cb1c-405c-ad3f-3ba5cdb5d7a4,TNT,https://shopee.co.id/%E3%80%90BPOM%E3%80%91BIOAQUA-eye-mask-Moisturizing-masker-mata-7.5g-Memudarkan-kerutan-mata-BIO-AQUA-i.744873.14880209645?sp_atk=8ae896d4-7cd0-4307-b19a-a88cb2a4ddbc&xptdk=8ae896d4-7cd0-4307-b19a-a88cb2a4ddbc,BELIA,
BIOAQUA,D8221,"Bioaqua BlueEyemask7,5g","D8221-Bioaqua-BlueEyemask7,5g",2100,2700,https://shopee.co.id/DOMMO-D8221-BIOAQUA-Eye-Mask-Moisturizing-Series-7-5g-Masker-Mata-i.135900627.17074604013?sp_atk=3efd33ef-cb1c-405c-ad3f-3ba5cdb5d7a4&xptdk=3efd33ef-cb1c-405c-ad3f-3ba5cdb5d7a4,TNT,https://shopee.co.id/%E3%80%90BPOM%E3%80%91BIOAQUA-eye-mask-Moisturizing-masker-mata-7.5g-Memudarkan-kerutan-mata-BIO-AQUA-i.744873.14880209645?sp_atk=8ae896d4-7cd0-4307-b19a-a88cb2a4ddbc&xptdk=8ae896d4-7cd0-4307-b19a-a88cb2a4ddbc,BELIA,
BIOAQUA,D8221,BIOAQUA NenhongCream 30g,D8221-BIOAQUA-NenhongCream-30g,30800,33900,https://shopee.co.id/DOMMO-D8221-BIOAQUA-Nenhong-Cream-30g-Warm-Gentle-Pink-nenhong-Lip-serum-pemerah-bibir-i.135900627.20211942079?sp_atk=29644679-7430-44b3-8cbc-425b2c0c75db&xptdk=29644679-7430-44b3-8cbc-425b2c0c75db,TNT,,BELIA,
BIOAQUA,D8221,"Bioaqua PinkEyemask7,5g","D8221-Bioaqua-PinkEyemask7,5g",2100,0,,TNT,,BELIA,
BIOAQUA,D8221,BioAqua SheetMask NewCantella28ml,D8221-BioAqua-SheetMask-NewCantella28ml,0,0,,TNT,,BELIA,
BIOAQUA,D8221,BioAqua SheetMask NewCollagen28ml,D8221-BioAqua-SheetMask-NewCollagen28ml,0,0,,TNT,,BELIA,
BIOAQUA,D8221,BioAqua SheetMask NewSqualane28ml,D8221-BioAqua-SheetMask-NewSqualane28ml,0,0,,TNT,,BELIA,
BIOAQUA,D8221,BioAqua SheetMask NewVitamin28ml,D8221-BioAqua-SheetMask-NewVitamin28ml,0,0,,TNT,,BELIA,
BIOAQUA,D8221,BIOAQUA Sunisa #01NaturalColor,D8221-BIOAQUA-Sunisa-#01NaturalColor,42000,48300,https://shopee.co.id/DOMMO-D8221-BIOAQUA-BB-Cushion-Whitening-Beauty-Cream-20g-BB-Cream-SUNISA-CC-Cushion-i.135900627.16875134719?sp_atk=b0ccdd89-387a-4de9-83bd-1ce6bf0b96e9&xptdk=b0ccdd89-387a-4de9-83bd-1ce6bf0b96e9,TNT,,BELIA,
BIOAQUA,D8221,BIOAQUA Sunisa #02IvoryWhite,D8221-BIOAQUA-Sunisa-#02IvoryWhite,42000,48300,https://shopee.co.id/DOMMO-D8221-BIOAQUA-BB-Cushion-Whitening-Beauty-Cream-20g-BB-Cream-SUNISA-CC-Cushion-i.135900627.16875134719?sp_atk=b0ccdd89-387a-4de9-83bd-1ce6bf0b96e9&xptdk=b0ccdd89-387a-4de9-83bd-1ce6bf0b96e9,TNT,,BELIA,
BIOAQUA,D8221,SheaButterSleepingMask,D8221-SheaButterSleepingMask,0,0,,TNT,,BELIA,
BIOAQUA,D8221,SheaButterSleepingMask8pcs,D8221-SheaButterSleepingMask8pcs,0,0,,TNT,,BELIA,
