konveksi,kodebarang,namabarang,deskripsi,hargamodal,dailyprice,linkproduk,hargaproduk,anamapesaing,ahargapesaing,alinkpesaing,bnamapesaing,bhargapesaing,blinkpesaing
KBOGOR,D1000,TOTEBAG ALICE,D1000 TOTEBAG ALICE,4000,4465,https://shopee.co.id/-LOKAL--D1000-Totebag-ALICE-BISA-COD-FYG-TAS-TOTE-BAG-TAS-WANITA-DARI-JAKARTA-i.135900627.2053489534?sp_atk=3466b1f5-6e9a-4ceb-984c-f4c2ec64c1d0,4465,MORY MONY,4700,https://shopee.co.id/RR-TOTE-BAG-ALICE-MINI-i.154549401.7301389994?sp_atk=9fcd86ec-c897-4023-9e1c-c2588ad9cf06&xptdk=9fcd86ec-c897-4023-9e1c-c2588ad9cf06,REYRESHY,4465,https://shopee.co.id/RR-TOTE-BAG-ALICE-MINI-i.154549401.7301389994?sp_atk=6770af19-466e-4abb-ae2c-ae6bbbf16bcb&xptdk=6770af19-466e-4abb-ae2c-ae6bbbf16bcb
KBOGOR,D1012,TAS MINI PETAK,D1012 TAS MINI PETAK,5000,5500,https://shopee.co.id/-LOKAL--D1012-Tas-Mini-Petak-Tas-Selempang-Tas-Tote-Bag-i.135900627.2060297469?sp_atk=383566d6-e402-4692-ac60-7f6852c55230,5500,MORY MONY,-,-,REYRESHY,6384,https://shopee.co.id/FYGALERY-FYG1140-Tas-Selempang-Perempuan-Slingbag-Polos-Fashion-Wanita-Sling-Bag-Korea-Murah-i.11184349.1104716811?sp_atk=e382bbe4-e24a-49e9-9325-725b8185f77d&xptdk=e382bbe4-e24a-49e9-9325-725b8185f77d
KBOGOR,D1020,TAS NIA,D1020 TAS NIA,11500,12500,https://shopee.co.id/-LOKAL--D1020-BISA-COD-BAYAR-DITEMPAT-TAS-FASHION-TAS-WANITA-Dari-Jakarta-MORYMONY-i.135900627.2060297501?sp_atk=dc3a2da2-a9d1-44b0-b3a8-facbe3e4dee1,12500,MORY MONY,-,https://shopee.co.id/MORYMONY-NIA-Tas-Selempang-Wanita-i.20287667.6400193845?sp_atk=26c3dac7-6a4e-47d8-b92a-0f9cd25b7654,REYRESHY,12500,https://shopee.co.id/Tas-Nia-selempang-mini-rantai-motif-serat-kayu-i.14816430.5887017296?sp_atk=f653bc9a-f443-4e1a-ac0b-e240099ad695&xptdk=f653bc9a-f443-4e1a-ac0b-e240099ad695
KBOGOR,D1025,HNM Tas Korea Clutch Sligbang,D1025 HNM Tas Korea Clutch Sligbang,9000,9999,https://shopee.co.id/-LOKAL--D1025-BISA-COD-BAYAR-DITEMPAT-Tas-Korea-Clutch-Sligbang-Morymony-JKT-i.135900627.2304813663?sp_atk=55b8e17d-f824-4078-be07-79af79114554,9999,MORY MONY,-,-,REYRESHY,-,-
KBOGOR,D1026,ZANET ADA PEREKAT,D1026 ZANET ADA PEREKAT,4300,5500,https://shopee.co.id/-LOKAL--D1026-ZANET-ADA-RESLETING-Dari-JKT-Jakarta-BISA-COD-TAS-TOTE-BAG-WANITA-SLEMPANG-i.135900627.2312930347?sp_atk=ff28d140-0ee3-48cf-ac4f-7d97980de401,5500,MORY MONY,-,-,REYRESHY,6500,https://shopee.co.id/RR-ZANET-Tote-Bag-Wanita-i.154549401.3437832666?sp_atk=351f9a54-94a2-45e6-8361-6b85fa7d403b
KBOGOR,D1026,ZANET ADA RESLETING,D1026 ZANET ADA RESLETING,5000,6000,https://shopee.co.id/-LOKAL--D1026-ZANET-ADA-RESLETING-Dari-JKT-Jakarta-BISA-COD-TAS-TOTE-BAG-WANITA-SLEMPANG-i.135900627.2312930347?sp_atk=ff28d140-0ee3-48cf-ac4f-7d97980de401,6000,MORY MONY,6000,https://shopee.co.id/RR-ZANET-Tote-Bag-Wanita-Pakai-Resleting-i.154549401.3437832666?sp_atk=798bb02d-308c-4f65-a61b-0100b2296bd8&xptdk=798bb02d-308c-4f65-a61b-0100b2296bd8,REYRESHY,6000,https://shopee.co.id/RR-ZANET-Tote-Bag-Wanita-Pakai-Resleting-i.154549401.3437832666?sp_atk=da80397b-5491-4861-b532-464c14e0de6b&xptdk=da80397b-5491-4861-b532-464c14e0de6b
KBOGOR,D1027,POCKET BROWN CHIP,D1027 POCKET BROWN CHIP,5000,7500,https://shopee.co.id/product/135900627/2312940145/,7500,MORY MONY,-,-,REYRESHY,-,-
KBOGOR,D1028,TOTEBAG BROWNIE,D1028 TOTEBAG BROWNIE,4300,4999,https://shopee.co.id/product/135900627/2352734384/,4999,MORY MONY,-,-,REYRESHY,6800,https://shopee.co.id/TAS_BDG-TOTEBAG-(RESLETING)-BROWNIE-i.28516198.3892785713?sp_atk=3088cc1d-560e-4dfa-92ac-d5cf57e77bf6&xptdk=3088cc1d-560e-4dfa-92ac-d5cf57e77bf6
KBOGOR,D1029,DAYS,D1029 DAYS,3480,3999,https://shopee.co.id/-LOKAL--D1029-DAYS-Dari-Jakarta-BISA-COD-ToteBag-DAILY-TOTE-BAG-NAMA-HARI-Morymony-i.135900627.2377229917?sp_atk=ca6eca2f-c866-4813-9699-921081b75b4f,3999,MORY MONY,2500,https://shopee.co.id/MORYMONY-DAYS-Tas-Tote-Wanita-i.20287667.6204641426?sp_atk=37ffac06-09cd-43db-89ae-6c642e1a62e2&xptdk=37ffac06-09cd-43db-89ae-6c642e1a62e2,REYRESHY,4750,https://shopee.co.id/RR-DAYS-Tas-Tote-Wanita-i.154549401.6837766129?sp_atk=322bf315-963c-4650-b1d0-b274d4fbe770
KBOGOR,D1030,TAS CLUTCH MINI SLINGBAG,D1030 TAS CLUTCH MINI SLINGBAG,7530,8999,https://shopee.co.id/-LOKAL--D1030-Dari-Jakarta-BISA-COD-Tas-Korea-Clutch-Mini-Sligbang-(KECIL)-morymony-i.135900627.2591894885?sp_atk=479d0794-0c1e-4b0b-8911-120e7f8d7489,8999,MORY MONY,-,-,REYRESHY,-,-
KBOGOR,D1032,TAS SERUT MINI,D1032 TAS SERUT MINI,8700,10999,https://shopee.co.id/-LOKAL--D1032-TAS-SERUT-Mini-dari-Jakarta-BISA-COD-TAS-SELEMPANG-MORYMONY-i.135900627.2441823307?sp_atk=6362cf97-282a-4a60-a333-1971e73faca7,10999,MORY MONY,-,-,REYRESHY,-,-
KBOGOR,D1034,NEKO CAT TOTE BAG,D1034 NEKO CAT TOTE BAG,6000,7500,https://shopee.co.id/product/135900627/2496787061/,7500,MORY MONY,-,https://shopee.co.id/MORYMONY-NEKO-Tote-Bag-Wanita-i.20287667.7300155627?sp_atk=5a9f8386-eda9-4ffa-8883-c5a3c51b4e57,REYRESHY,-,-
KBOGOR,D1037,CERES,D1037 CERES,4100,4999,https://shopee.co.id/-LOKAL--D1037-CERES-TAS-TOTEBAG-WANITA-Dari-Jakarta-BISA-COD-SHOULDER-BAG-MORYMONY-i.135900627.2496928042?sp_atk=c5635a72-1512-4982-b4c8-c4dce5fac161,4999,MORY MONY,2500,https://shopee.co.id/MORYMONY-WIGGY-Tas-Tote-Bag-Wanita-Totebag-CERES-i.20287667.6000451527?sp_atk=ad5b696d-8cb6-4041-ae11-597acd726a35,REYRESHY,6800,https://shopee.co.id/MyTotebag's-Tas-Totebag-Motif-Garis-Ceres-Sudah-Memakai-Resleting-i.92682541.1995313859?sp_atk=8657bbdf-f6e0-4ff8-b987-c78742d0b448&xptdk=8657bbdf-f6e0-4ff8-b987-c78742d0b448
KBOGOR,D1038,SHUT UP,D1038 SHUT UP,3000,3333,https://shopee.co.id/-LOKAL--D1038-SHUT-UP-Dari-Jakarta-BISA-COD-TAS-TOTEBAG-WANITA-SHUTUP-MORYMONY-i.135900627.2496966034?sp_atk=7e810198-f75e-4ed9-b182-62ffa7a44777,3333,MORY MONY,2500,https://shopee.co.id/MORYMONY-TOTE-BAG-SHUT-UP-Tas-Tote-Bag-Wanita-i.20287667.2695053738?sp_atk=d8903dd5-991f-4276-b4f8-f3d46cf0e823,REYRESHY,-,-
KBOGOR,D1039,KUNCI SODOK,D1039 KUNCI SODOK,4337,5499,https://shopee.co.id/-LOKAL--D1039-Kunci-Sodok-Dari-Jakarta-BISA-COD-TAS-SELEMPANG-MORYMONY-i.135900627.2591666187?sp_atk=eacd1eb7-2c2f-4f53-8115-1f532b2e9edf,5499,MORY MONY,-,https://shopee.co.id/MORYMONY-AGYA-Tas-Selempang-Wanita-i.20287667.7208809094?sp_atk=25ddb273-956b-48ed-b088-8b5ff26ca3ec,REYRESHY,-,-
KBOGOR,D1041,I JUST DO MY OWN,D1041 I JUST DO MY OWN,5000,7000,https://shopee.co.id/-LOKAL--D1041-I-JUST-DO-MY-OWN-POCKET-TAS-HP-MINI-Dari-Jakarta-BISA-COD-MORYMONY-i.135900627.2591829683?sp_atk=aa2dec5b-da7e-408a-b01b-91a1bbf9d6fd,7000,MORY MONY,7000,https://shopee.co.id/POKET-MULTIFUNGSI-SELEMPANG-SLING-BAG-SLEMPANG-HPO-MURMER-TAS-COD-HPO-KOREA-BATAM-I-JUST-DO-MY-OWN-i.48341398.1367916808?sp_atk=23dc33d6-8e93-49d2-a451-3354b522a761&xptdk=23dc33d6-8e93-49d2-a451-3354b522a761,REYRESHY,8800,https://shopee.co.id/I-JUST-DO-MY-OWN-Termurah-Mini-Sling-Bag-Pocket-Phone-i.5149374.1806796666?sp_atk=4f31bc7c-f6e6-4045-a7b9-58413fb2fbf7&xptdk=4f31bc7c-f6e6-4045-a7b9-58413fb2fbf7
KBOGOR,D1042,TAS KANCIL,D1042 TAS KANCIL,5800,6499,https://shopee.co.id/-LOKAL--D1042-TAS-KANCIL-Dari-Jakarta-BISA-COD-TAS-SELEMPANG-WANITA-SLING-BAG-GANTUNGAN-Rusa-i.135900627.2609405317?sp_atk=2f09287c-bfad-4f19-814a-7d5649bf34a3,6499,MORY MONY,7046,https://shopee.co.id/GUDDLIFE-Tas-Selempang-Wanita-Sling-Bag-Mini-Motif-Kancil-i.793647171.19911958164?sp_atk=53163176-c47c-476a-87a8-dc2a7d0fcce8&xptdk=53163176-c47c-476a-87a8-dc2a7d0fcce8,REYRESHY,8046,https://shopee.co.id/FYGALERY-FYG1237-Tas-Selempang-Wanita-Sling-Bag-Mini-Motif-Kancil-Murah-i.11184349.1537146255?sp_atk=07c42bb7-9b15-4f4b-b5af-0ae013dc6904&xptdk=07c42bb7-9b15-4f4b-b5af-0ae013dc6904
KBOGOR,D1043,POCKET DORA,D1043 POCKET DORA,5000,6999,https://shopee.co.id/-LOKAL--D1043-POCKET-DORA-BAYAR-DI-TEMPAT-COD-DOMPET-HP-SELEMPANG-WANITA-MORYMONY-i.135900627.2618070658?sp_atk=ca447ed3-e4cb-49c5-9cda-ccfa6e2bea3e,6999,MORY MONY,-,-,REYRESHY,-,-
KBOGOR,D1046,PUSHY,D1046 PUSHY,4100,4799,https://shopee.co.id/-LOKAL--D1046-PUSHY-Dari-Jakarta-BISA-COD-TOTEBAG-KUCING-TOTE-BAG-CAT-MORYMONY-i.135900627.5600355986?sp_atk=bcb1519d-d2a3-4d8e-b4a6-845226d6f306,4799,MORY MONY,-,https://shopee.co.id/MORYMONY-CATY-Tas-Tote-Bag-Wanita-i.20287667.5402839990?sp_atk=bf57a800-6a2a-4b45-9fb2-c0d8a2880a5a,REYRESHY,-,-
KBOGOR,D1048,HELLO KITTY (ADA RESLETING),D1048 HELLO KITTY (ADA RESLETING),6000,7990,https://shopee.co.id/-LOKAL--D1048-HELLO-KITTY-(ADA-RESLETING)-Dari-JKT-BISA-COD-Tas-Tote-Bag-Wanita-i.135900627.2745966447?sp_atk=08a142f7-7987-43dd-b888-cbd746e01088,7990,MORY MONY,-,-,REYRESHY,7000,https://shopee.co.id/Twenty-Bag-Tas-Tote-Bag-Wanita-Non-Resleting-Terbaru-2021-Aesthetic-Kekinian-Motif-Carakter-HELLO-KITTY-Korea-Style-Multifungsi-i.212808413.4164809352?sp_atk=0c627c9d-994c-457b-a81e-fa561923bbed&xptdk=0c627c9d-994c-457b-a81e-fa561923bbed
KBOGOR,D1049,TAS RUSA,D1049 TAS RUSA,7500,8999,https://shopee.co.id/-LOKAL--D1049-TAS-RUSA-Dari-Jakarta-BISA-COD-Tas-Selempang-Rusa-deer-women-girl-MORYMONY-i.135900627.2726018891?sp_atk=a114f6c4-82b7-41a9-8162-101436ed7d93,8999,MORY MONY,-,-,REYRESHY,-,-
KBOGOR,D1050,TOTE BTS BT21,D1050 TOTE BTS BT21,4300,6500,https://shopee.co.id/product/135900627/2710669222/,6500,MORY MONY,-,-,REYRESHY,-,-
KBOGOR,D1051,TOTE ZIGGIE,D1051 TOTE ZIGGIE,4100,5000,https://shopee.co.id/-LOKAL--D1051-TOTE-ZIGGIE-Dari-JKT-Jakarta-BISA-COD-MORYMONY-Tas-Tote-Rubic-Wanita-Selempang-i.135900627.2714007698?sp_atk=651530a3-ea39-4dbe-b907-69770a8e6a7a,5000,MORY MONY,2500,https://shopee.co.id/MORYMONY-ZIGGIE-Tote-Bag-Wanita-i.20287667.5400451686?sp_atk=1a084d00-b994-4978-a4fc-ef50714ab981,REYRESHY,-,-
KBOGOR,D1053,BILA,D1053 BILA,4100,4999,https://shopee.co.id/-LOKAL--D1053-BILA-Dari-Jakarta-BISA-COD-BILA-TOTEBAG-WANITA-TOTE-BAG-MORYMONY-i.135900627.6100355409?sp_atk=afae81f6-4247-4dc3-89ba-7a95205183a4,4999,MORY MONY,-,https://shopee.co.id/MORYMONY-BILA-Tas-Tote-Bag-Wanita-i.20287667.13406039585?sp_atk=4f58f470-2b8f-4b68-b250-23f49008c43d,REYRESHY,-,-
KBOGOR,D1056,COFFEE Perekat,D1056 COFFEE Perekat,2500,3600,-,3600,MORY MONY,-,-,REYRESHY,-,-
KBOGOR,D1056,COFFEE (ADA RESLETING),D1056 COFFEE (ADA RESLETING),4100,4999,https://shopee.co.id/-LOKAL--D1056-COFFEE-(ADA-RESLETING)-Dari-JKT-BISA-COD-TAS-TOTEBAG-KOPI-SLINGBAG-i.135900627.2897874433?sp_atk=4c4f3491-9766-4743-a1be-8489f70d7862,4999,MORY MONY,2500,https://shopee.co.id/MORYMONY-COFFEE-Tas-Totebag-Kanvas-Tote-Bag-Murah-i.20287667.3701059628?sp_atk=839260a9-24cb-4add-be88-2a6e9842308a,REYRESHY,-,-
KBOGOR,D1057,FELIX TOTE BAG Perekat,D1057 FELIX TOTE BAG Perekat,4787,6000,https://shopee.co.id/-LOKAL--D1057-FELIX-TOTE-BAG-(ADA-RESLETING)-Dari-Jakarta-BISA-COD-MORYMONY-i.135900627.2746173163?sp_atk=2db357a3-a43b-4587-9d2b-82d83c70239f,6000,MORY MONY,-,-,REYRESHY,-,-
KBOGOR,D1057,FELIX TOTE BAG (ADA RESLETING),D1057 FELIX TOTE BAG (ADA RESLETING),4350,6000,https://shopee.co.id/-LOKAL--D1057-FELIX-TOTE-BAG-(ADA-RESLETING)-Dari-Jakarta-BISA-COD-MORYMONY-i.135900627.2746173163?sp_atk=2db357a3-a43b-4587-9d2b-82d83c70239f,6000,MORY MONY,-,https://shopee.co.id/MORYMONY-FISH-Tote-Bag-Wanita-i.20287667.3806375429?sp_atk=584a63eb-278b-4e7c-a271-f4c41997a9ac,REYRESHY,-,-
KBOGOR,D1058,TOTEBAG NURI,D1058 TOTEBAG NURI,4100,4999,https://shopee.co.id/-LOKAL--D1058-TOTEBAG-NURI-ADA-RESLETING-Dari-Jakarta-BISA-COD-TAS-WANITA-SLEMPANG-i.135900627.2877199849?sp_atk=7943c340-012c-461e-9ea3-cd59b14f5cc0,4999,MORY MONY,-,-,REYRESHY,-,-
KBOGOR,D1059,TOTE BAG AGNIA,D1059 TOTE BAG AGNIA,4100,4499,https://shopee.co.id/-LOKAL--D1059-TOTE-BAG-AGNIA-Dari-JKT-BISA-COD-TOTE-BAG-WANITA-TAS-SLEMPANG-TOTEBAG-i.135900627.2877187653?sp_atk=9f494be6-ed5e-4d0c-81f4-d8ea34405b17,4499,MORY MONY,-,-,REYRESHY,-,-
KBOGOR,D1062,TOTEBAG WHATEVER,D1062 TOTEBAG WHATEVER,4100,4999,https://shopee.co.id/-LOKAL--D1062-TOTEBAG-WHATEVER-Dari-JKT-BISA-COD-TOTE-BAG-WANITA-MURAH-MORYMONY-i.135900627.7400354481?sp_atk=fa72472c-b188-4ab5-90a5-e120e5c6756e,4999,MORY MONY,-,https://shopee.co.id/MORYMONY-WHATEVER-Tote-Bag-Tas-Totebag-Kanvas-Murah-i.20287667.4800963704?sp_atk=c838b414-01ab-4230-9060-168be2759d77,REYRESHY,5200,https://shopee.co.id/RR-WHATEVER-Tote-Bag-Wanita-i.154549401.4342950361?sp_atk=783a1129-7b4f-4bb8-a37c-708ce7ffbfde
KBOGOR,D1063,GOOD THINGS,D1063 GOOD THINGS,4100,4550,https://shopee.co.id/product/135900627/2745826067/,4550,MORY MONY,2500,https://shopee.co.id/MORYMONY-GOODTHINGS-Tote-Bag-Wanita-i.20287667.6502188712?sp_atk=a43eb4eb-07c8-4b26-ae22-93191475cc33,REYRESHY,-,-
KBOGOR,D1074,BACKPACK PHIUM,D1074 BACKPACK PHIUM,8916,10000,https://shopee.co.id/-LOKAL--D1074-BACKPACK-PHIUM-Tas-Ransel-Backpack-Fashion-Stylish-Korea-MORYMONY-i.135900627.4108647481?sp_atk=9b77ffa9-903d-4a43-87ca-0f8c623f3cf2,10000,MORY MONY,10000,https://shopee.co.id/MORYMONY-PHIUM-Tas-Ransel-Backpack-Fashion-Korea-i.20287667.1936778848?sp_atk=1ba30e8a-2544-420e-9f92-d424a136c0dc,REYRESHY,13500,https://shopee.co.id/RR-PHIUM-Tas-Ransel-Backpack-Fashion-Korea-i.154549401.6538044454?sp_atk=6643a198-91ef-4d3f-bbda-a686d340c8a0
KBOGOR,D1082,TOTE BAG CHIO,D1082 TOTE BAG CHIO,7500,10500,https://shopee.co.id/-LOKAL--D1082-Tote-Bag-CHIO-Tote-Bag-(Bisa-Ransel-Bisa-Selempang)-MORYMONY-COD-i.135900627.5308630271?sp_atk=ae33386d-cd70-477c-9f24-5959090ced1a,10500,MORY MONY,-,https://shopee.co.id/MORYMONY-CHIO-Tote-Bag-(Bisa-Ransel-Bisa-Selempang)-i.20287667.3202007524?sp_atk=cc9511e2-7233-40c2-a823-c7ca72e34957,REYRESHY,10800,https://shopee.co.id/RR-CHIO-Tote-Bag-Wanita-(Bisa-Ransel-Bisa-Selempang)-i.154549401.4204002637?sp_atk=0e9cc0e1-e7fd-4052-b243-00d8dbb5afe8
KBOGOR,D1086,TOTE BAG LOVE SIGN Perekat,D1086 TOTE BAG LOVE SIGN Perekat,2800,3599,https://shopee.co.id/-D1086-Dari-Jakarta-BISA-COD-TOTE-BAG-LOVE-SIGN-TOTEBAG-BTS-BTS12-MORYMONY-i.135900627.13936775918?sp_atk=4e646a14-07c7-4a62-b351-028ae3834983,3599,MORY MONY,-,-,REYRESHY,-,-
KBOGOR,D1087,LIDYA,D1087 LIDYA,7500,9600,https://shopee.co.id/-LOKAL-DOMMO-D1087-TAS-TOTEBAG-LIDYA-Tote-Bag-Wanita-MORYMONY-i.135900627.5608611925?sp_atk=3661b6c4-6b68-435d-9c75-29a3085d98a6,9600,MORY MONY,7000,https://shopee.co.id/MORYMONY-LIDYA-Tote-Bag-Wanita-i.20287667.2874064517?sp_atk=49c66624-e0e2-40d9-ac2e-9054119440bd,REYRESHY,10800,https://shopee.co.id/RR-LIDYA-Tote-Bag-Wanita-i.154549401.4237733995?sp_atk=e456a824-e1f3-4b41-95b5-71f6923d9f4f
KBOGOR,D1091,CHIANG,D1091 CHIANG,4100,4999,https://shopee.co.id/-LOKAL--D1091-CHIANG-Dari-Jakarta-BISA-COD-Tas-Tote-Wanita-Kucing-CAT-TOTEBAG-i.135900627.3900450450?sp_atk=b3caf4e0-a548-490d-8e5a-8c5f679cc491,4999,MORY MONY,-,https://shopee.co.id/MORYMONY-TOTE-CHIANG-Tote-Bag-Wanita-Murah-i.20287667.2673570379?sp_atk=03383108-c736-4ae2-aadc-428d01695a9d,REYRESHY,6500,https://shopee.co.id/RR-TOTE-CHIANG-Tote-Bag-Wanita-Murah-i.154549401.6401179289?sp_atk=d29b7a12-fc97-4e34-8467-691f107ec44c
KBOGOR,D1105,TOTE BAG SAFIR,D1105 TOTE BAG SAFIR,4100,4999,https://shopee.co.id/-LOKAL--D1105-TOTE-BAG-SAFIR-BISA-COD-Tas-Tote-Bag-WANITA-Morymony-i.135900627.3209777271?sp_atk=743fe761-bb19-4fed-a2d1-281eafc8de48,4999,MORY MONY,2500,https://shopee.co.id/MORYMONY-SAFIR-Tas-Tote-Bag-Wanita-i.20287667.3302939108?sp_atk=6d76aa00-8fc4-4561-9cc6-f5c0b9bd8f6d,REYRESHY,5200,https://shopee.co.id/RR-SAFIR-Tas-Tote-Bag-Wanita-(Resleting)-i.154549401.4001365161?sp_atk=7fac347f-fc3f-4d67-9b18-8b9de9e1e3eb
KBOGOR,D1128,TAS SANTANA,D1128 TAS SANTANA,6000,6999,https://shopee.co.id/-LOKAL--D1128-TAS-SANTANA-Dari-Jakarta-Bisa-COD-Tas-Selempang-morymony-i.135900627.4515792738?sp_atk=d0db4f67-80b7-4afc-a235-396e94e4fc62,6999,MORY MONY,-,https://shopee.co.id/MORYMONY-SANTANA-Tas-Selempang-Tas-Batam-i.20287667.6704641161?sp_atk=7acdd600-186e-48db-8de5-faeb09e01f7e,REYRESHY,9500,https://shopee.co.id/RR-SANTANA-Tas-Selempang-Tas-Batam-i.154549401.4437949127?sp_atk=ee0265b0-59bc-4458-9c97-acb913f374a1
KBOGOR,D1136,BACKPACK MARIO DARI JAKARTA TAS RANSEL 2IN 1 FASHION KOREA MORYMONY,D1136 BACKPACK MARIO DARI JAKARTA TAS RANSEL 2IN 1 FASHION KOREA MORYMONY,12180,15000,https://shopee.co.id/-LOKAL-DOMMO-D1136-BACKPACK-MARIO-DARI-JAKARTA-Tas-Ransel-2in-1-Fashion-Korea-Morymony-i.135900627.7615826004?sp_atk=19bb8ebe-1ac6-4e02-b162-0131cfbd700c&xptdk=19bb8ebe-1ac6-4e02-b162-0131cfbd700c,15000,MORY MONY,15000,https://shopee.co.id/MORYMONY-MARIO-Tas-Ransel-Backpack-Tas-sekolah-Tas-Gendong-i.20287667.6604640025?sp_atk=b311fba3-ca7c-4ab3-9673-84a383fba482&xptdk=b311fba3-ca7c-4ab3-9673-84a383fba482,REYRESHY,-,-
KBOGOR,D1137,TAS BACKPACK SUSHI DARI JAKARTA - TAS RANSEL FASHION TAS MORYMONY,D1137 TAS BACKPACK SUSHI DARI JAKARTA - TAS RANSEL FASHION TAS MORYMONY,-,17000,https://shopee.co.id/-LOKAL-DOMMO-D1137-TAS-BACKPACK-SUSHI-DARI-JAKARTA-Tas-Ransel-Fashion-Tas-Morymony-i.135900627.5515826874?sp_atk=b98d67cc-2365-4421-af09-7908460ad351&xptdk=b98d67cc-2365-4421-af09-7908460ad351,17000,MORY MONY,15000,https://shopee.co.id/MORYMONY-SUSHI-Tas-Ransel-Backpack-Fashion-Wanita-Tas-Batam-i.20287667.3303104403?sp_atk=b0db482f-63ae-424f-b0be-cce9a38a8cd3&xptdk=b0db482f-63ae-424f-b0be-cce9a38a8cd3,REYRESHY,-,-
KBOGOR,D1141,TAS BUNNY DARI JAKARTA - TAS RANSEL BACKPACK FASHION,D1141 TAS BUNNY DARI JAKARTA - TAS RANSEL BACKPACK FASHION,14790,18000,https://shopee.co.id/-LOKAL-DOMMO-D1141-TAS-BUNNY-DARI-JAKARTA-Tas-Ransel-Backpack-Fashion-i.135900627.7015856986?sp_atk=51dbd356-2204-4531-987d-4a1fe3a3a104&xptdk=51dbd356-2204-4531-987d-4a1fe3a3a104,18000,MORY MONY,-,https://shopee.co.id/MORYMONY-TAS-BUNNY-Tas-Ransel-Backpack-Fashion-i.20287667.464673697?sp_atk=491332ee-00ac-4e76-a30c-99a2fd3cd6ed&xptdk=491332ee-00ac-4e76-a30c-99a2fd3cd6ed,REYRESHY,-,-
KBOGOR,D1145,LOVA BERYL MARINKA,D1145 LOVA BERYL MARINKA,8264,9999,https://shopee.co.id/-LOKAL--D1145-LOVA-BERYL-MARINKA-Tas-Selempang-Wanita-Dari-Jakarta-BISA-COD-SLING-BAG-i.135900627.7616170326?sp_atk=a5879724-48b5-4304-8ef2-b51f84915a70,9999,MORY MONY,10000,https://shopee.co.id/BERYL-Tas-Selempang-Wanita-Lova-Slingbag-Mini-MORYMONY-i.20287667.5808807078?sp_atk=fc8f971d-b019-4b15-b883-392d56885950,REYRESHY,-,-
KBOGOR,D1155,TOTE KIMORA ADA RESLETING,D1155 TOTE KIMORA ADA RESLETING,4100,3499,https://shopee.co.id/-LOKAL--D1155-TOTE-KIMORA-ADA-RESLETING-JAKARTA-BISA-COD-Totebag-Namikita-morymony-i.135900627.5916829262?sp_atk=bc3b7067-78b9-4c64-a942-938f7eb3b76b,3499,MORY MONY,-,https://shopee.co.id/MORYMONY-KIMORA-Tas-Tote-Bag-Wanita-Totebag-Murah-Custom-Kpop-i.20287667.10846679402?sp_atk=e3a6cb83-0bdb-42f3-b7ce-c9bc91e65a89,REYRESHY,-,-
KBOGOR,D1160,TAS PRILY,D1160 TAS PRILY,10000,11999,https://shopee.co.id/-LOKAL--D1160-TAS-PRILY-Tas-Selempang-Wanita-morymony-i.135900627.6016831687?sp_atk=d1e30961-4a7e-4bb6-8c04-fc453a594627,11999,MORY MONY,-,-,REYRESHY,-,https://shopee.co.id/RR-PRILY-Tas-Selempang-Wanita-i.154549401.4337995797?sp_atk=77b64867-c928-4047-ba42-b3a90475cca8
KBOGOR,D1161,MISS LOVE,D1161 MISS LOVE,19923,22999,https://shopee.co.id/product/135900627/7016857839/,22999,MORY MONY,20000,https://shopee.co.id/MORYMONY-MISS-LOVE-Tas-Ransel-Backpack-Fashion-i.20287667.3706378229?sp_atk=7ff845b3-67f4-4d62-8a6f-08e5d0b3c0db,REYRESHY,23750,https://shopee.co.id/RR-MISS-LOVE-Tas-Ransel-Backpack-Fashion-i.154549401.5937770465?sp_atk=215ca046-b9e5-4d3b-9e08-2fd1df8cc502
KBOGOR,D1162,TAS LOVI-LOVI,D1162 TAS LOVI-LOVI,11500,13500,https://shopee.co.id/-LOKAL--D1162-TAS-LOVI-LOVI-Dari-Jakarta-BISA-COD-Tas-Sling-Bag-Slempang-i.135900627.5517014696?sp_atk=d296f532-9537-4b5e-ba07-9c8ccf7d8875,13500,MORY MONY,-,-,REYRESHY,13500,https://shopee.co.id/TAS-CLUTCH-WANITA-LOVI-POLOS-FB35-i.241691.2856765376?sp_atk=c174793d-bfa2-472d-9f01-30202a3c5e15&xptdk=c174793d-bfa2-472d-9f01-30202a3c5e15
KBOGOR,D1163,TOTE BAG DIANA,D1163 TOTE BAG DIANA,7500,9999,https://shopee.co.id/product/135900627/5609577925/,9999,MORY MONY,7000,https://shopee.co.id/MORYMONY-DIANA-Tote-Bag-Wanita-(Bisa-Ransel-Bisa-Selempang)-i.20287667.7902698606?sp_atk=50347f41-ba34-40a7-8442-4972769836f3,REYRESHY,-,https://shopee.co.id/RR-DIANA-Tote-Bag-Wanita-(Bisa-Ransel-Bisa-Selempang)-i.154549401.6141622402?sp_atk=016aada9-db34-4535-bf4a-c25e0753d70c
KBOGOR,D1170,IMELDA,D1170 IMELDA,14137,15999,https://shopee.co.id/-LOKAL--D1170-IMELDA-Tas-Shoulder-Bag-Wanita-MORYMONY-BISA-COD-DARI-JAKARTA-i.135900627.7217090021?sp_atk=b652b352-b973-4274-abc0-c11d14b97c9e,15999,MORY MONY,-,https://shopee.co.id/MORYMONY-IMELDA-Tas-Shoulder-Bag-Wanita-i.20287667.3200242320?sp_atk=fce89b9e-1dfe-42c1-82f6-ced6f70cb775,REYRESHY,19000,https://shopee.co.id/RR-IMELDA-Tas-Shoulder-Bag-Wanita-i.154549401.6132030321?sp_atk=1d3671fd-dd3a-4528-8ed2-fea591e50530
KBOGOR,D1173,KAREN,D1173 KAREN,15225,17499,https://shopee.co.id/-LOKAL--D1173-KAREN-Tas-Selempang-Wanita-MORYMONY-DARI-JAKARTA-BISA-COD-i.135900627.6517095197?sp_atk=79299f13-e063-494a-bbb7-17dd5e4c8d7a,17499,MORY MONY,-,https://shopee.co.id/MORYMONY-KAREN-Tas-Selempang-Wanita-i.20287667.7516012875?sp_atk=35e06498-c2e6-4d31-9f39-01349f29a9ce,REYRESHY,17575,https://shopee.co.id/RR-KAREN-Tas-Selempang-Wanita-i.154549401.5232043624?sp_atk=e7af249a-7b3e-408d-b918-a919f25b77fa
KBOGOR,D1180,AERY,D1180 AERY,8091,10000,https://shopee.co.id/-LOKAL--D1180-AERY-Tas-Selempang-Wanita-MORYMONY-i.135900627.3641033861?sp_atk=d0153ab8-a39b-48a2-99fc-8b4d3667f190,10000,MORY MONY,10000,https://shopee.co.id/AERY-Tas-Selempang-Wanita-Slingbag-MORYMONY-i.20287667.7731895634?sp_atk=b7449359-1008-49c9-89b7-9d239cbf3b6a,REYRESHY,17000,https://shopee.co.id/RR-AERY-Tas-Selempang-Wanita-i.154549401.8211472767?sp_atk=6cb98c40-52ad-4659-a061-81812a93ecd6
KBOGOR,D1193,TAS ANABELE,D1193 TAS ANABELE,13400,15500,https://shopee.co.id/-LOKAL--D1193-TAS-ANABELE-BISA-COD-Dari-Jakarta-Tas-Selempang-Wanita-MORYMONY-i.135900627.7717671942?sp_atk=04d12738-38d1-4fad-a088-c8eb4184e429,15500,MORY MONY,-,-,REYRESHY,16500,https://shopee.co.id/RR-TAS-ANABELE-Tas-Selempang-Wanita-i.154549401.6137995113?sp_atk=3bbba8fc-0d10-4a92-86ca-486d78f159a6
KBOGOR,D1206,DOMPET JUST FOR YOU DOMPET LIPAT WANITA MORYMONY JAKARTA BISA COD,D1206 DOMPET JUST FOR YOU DOMPET LIPAT WANITA MORYMONY JAKARTA BISA COD,9900,12000,https://shopee.co.id/-LOKAL-DOMMO-D1206-DOMPET-JUST-FOR-YOU-Dompet-Lipat-Wanita-MORYMONY-JAKARTA-BISA-COD-i.135900627.7818251590?sp_atk=82e70b7d-6ce5-40cd-a752-c34370a8347a&xptdk=82e70b7d-6ce5-40cd-a752-c34370a8347a,12000,MORY MONY,-,https://shopee.co.id/MORYMONY-DOMPET-JUST-FOR-YOU-Dompet-Lipat-Wanita-i.20287667.2039343111?sp_atk=f6cea59a-da8d-482b-821a-ac348a5d5be9&xptdk=f6cea59a-da8d-482b-821a-ac348a5d5be9,REYRESHY,-,-
KBOGOR,D1217,RANSEL DONA,D1217 RANSEL DONA,20500,22799,https://shopee.co.id/-LOKAL--D1217-RANSEL-DONA-Tas-Ransel-Backpack-Fashion-Morymony-i.135900627.4120417811?sp_atk=dc385112-64ab-469f-ad0d-64fad51a3141,22799,MORY MONY,-,-,REYRESHY,-,-
KBOGOR,D1221,- LOVA VIERA,D1221 - LOVA VIERA,6050,9999,https://shopee.co.id/-LOKAL--D1221-LOVA-VIERA-Tas-Tote-Wanita-DARI-JAKARTA-BISA-COD-TOTEBAG-i.135900627.5120422951?sp_atk=08a04f57-6784-47dd-9e38-069b1305bbce,9999,MORY MONY,-,-,REYRESHY,-,-
KBOGOR,D1226,TAS SELEMPANG KIMBERLY,D1226 TAS SELEMPANG KIMBERLY,9950,10647,https://shopee.co.id/-LOKAL--D1226-TAS-SELEMPANG-KIMBERLY-Tas-Selempang-Wanita-MORYMONY-i.135900627.7420734238?sp_atk=cfb9fac6-476f-4216-abc9-5c1493d9848e,10647,MORY MONY,-,https://shopee.co.id/MORYMONY-KIMBERLY-Tas-Selempang-Wanita-Slingbag-Mini-i.20287667.5916012453?sp_atk=c6894821-030d-4a39-9c8f-5fbe23871d42,REYRESHY,12000,https://shopee.co.id/RR-KIMBERLY-Tas-Selempang-Wanita-i.154549401.7244219762?sp_atk=c47ecb0b-eabd-4e92-b51e-51ae57343110
KBOGOR,D1230,LOVA JENICA,D1230 LOVA JENICA,7000,11999,https://shopee.co.id/-LOKAL-DOMMO-D1230-LOVA-JENICA-DARI-JAKARTA-BISA-COD-Tas-Tote-Wanita-i.135900627.4820741950?sp_atk=2b11226f-0256-43bd-9f56-f55d72fa35a6,11999,MORY MONY,-,-,REYRESHY,-,-
KBOGOR,D1233,POCKET GESPER,D1233 POCKET GESPER,5000,7500,https://shopee.co.id/-LOKAL--D1233-POCKET-GESPER-BILA-DARI-JAKARTA-Dompet-Pocket-Hp-Tas-Selempang-Wanita-MORYMONY-i.135900627.4820835997?sp_atk=635015b0-4f35-422a-88c4-cb9eb5daea14,7500,MORY MONY,-,-,REYRESHY,6500,https://shopee.co.id/HARGA-SPESIAL-!!-Zalfa-Tas-Wanita-Pocket-Gesper-Mini-i.67136459.8094704033?sp_atk=459c499e-bac1-41e1-a3c7-975b4c3acb27&xptdk=459c499e-bac1-41e1-a3c7-975b4c3acb27
KBOGOR,D1234,POCKET POMPOM HAILEY,D1234 POCKET POMPOM HAILEY,4039,7500,https://shopee.co.id/product/135900627/5020839820/,7500,MORY MONY,-,-,REYRESHY,-,-
KBOGOR,D1235,POCKET PAUS/PAPAYA,D1235 POCKET PAUS/PAPAYA,5000,5350,https://shopee.co.id/-LOKAL--D1235-POCKET-PAUS-PAPAYA-DARI-JAKARTA-Pocket-Hp-Tas-Selempang-Wanita-MORYMONY-i.135900627.7020841324?sp_atk=2c87d1bb-3af7-4e1e-8f4f-acaa9bd6f61a,5350,MORY MONY,-,-,REYRESHY,-,-
KBOGOR,D1236,MELANIE,D1236 MELANIE,5000,5999,https://shopee.co.id/-LOKAL--D1236-MELANIE-DIKIRIM-DARI-JAKARTA-MORYMONY-Dompet-Pocket-Hp-Tas-Selempang-Wanita-i.135900627.3920938067?sp_atk=f0786e02-d134-43c0-8b91-e3aac3cf45a0,5999,MORY MONY,-,-,REYRESHY,-,-
KBOGOR,D1237,POCKET FASHION DAUN,D1237 POCKET FASHION DAUN,4630,7500,https://shopee.co.id/-LOKAL--D1237-Pocket-FASHION-DAUN-DARI-JAKARTA-Pocket-Hp-Tas-Selempang-Morymony-i.135900627.7620843153?sp_atk=c4292602-38a0-4e4c-acca-232fd5e4aa8e,7500,MORY MONY,-,-,REYRESHY,-,-
KBOGOR,D1245,GABRIELA,D1245 GABRIELA,5650,6300,https://shopee.co.id/-LOKAL--D1245-GABRIELA-Tas-Serut-Home-Wanita-Morymony-i.135900627.6425579562?sp_atk=cf166c6c-1ae4-4336-8985-04f66d8c491d,6300,MORY MONY,-,https://shopee.co.id/MORYMONY-GABRIELA-Tas-Serut-Wanita-i.20287667.4517027612?sp_atk=9bc78689-8f7a-4748-b235-da2433559b20,REYRESHY,6650,https://shopee.co.id/RR-GABRIELA-Tas-Serut-Wanita-i.154549401.4360075485?sp_atk=28a55a35-f1c9-4065-9999-b3817130763d
KBOGOR,D1247,MINI SPORT,D1247 MINI SPORT,5500,6500,https://shopee.co.id/-LOKAL--D1247-Mini-Sport-Sporty-Swag-Sling-bag-Tas-Selembang-Morymony-i.135900627.5825721106?sp_atk=d9ec31df-613d-45d6-b9d8-8279c8dd8301,6500,MORY MONY,-,-,REYRESHY,-,-
KBOGOR,D1255,TAS RUBY MELVIN,D1255 TAS RUBY MELVIN,5250,6999,https://shopee.co.id/-LOKAL--D1255-TAS-RUBY-MELVIN-Tas-Selempang-Sling-Bag-swag-harajuku-tas-Morymony-i.135900627.4125779281?sp_atk=c0c72204-0385-45ad-9e59-ba86486c84b8,6999,MORY MONY,5000,https://shopee.co.id/Melvin-Tas-Selempang-Sling-Bag-swag-harajuku-tas-hangout-i.20287667.5222096747,REYRESHY,-,-
KBOGOR,D1256,WAISTBAG ELMO,D1256 WAISTBAG ELMO,5950,6500,https://shopee.co.id/-LOKAL-DOMMO-D1256-WAISTBAG-ELMO-TAS-PINGGANG-ELMO-KPOP-SEVENTEEN-i.135900627.7325783536?sp_atk=3a3181f2-b4d0-4334-bb2c-f2928875341a&xptdk=3a3181f2-b4d0-4334-bb2c-f2928875341a,6500,MORY MONY,5000,https://shopee.co.id/MORMON-WAISTBAG-ELMO-Tas-Pinggang-Wanita-i.20287667.6335832101?sp_atk=063e28a5-a22b-4d4b-a5cf-e3641034413a&xptdk=063e28a5-a22b-4d4b-a5cf-e3641034413a,REYRESHY,5000,https://shopee.co.id/TOMSTORE.ID-LW005-ELMO-WAIST-BAG-TAS-PINGGANG-PRODUK-LOKAL-TERLARIS-TERMURAH-DI-BANDUNG-BISA-COD-i.279506235.12637468441?sp_atk=09923c0c-8abb-4e06-8b07-b577b0c06eda&xptdk=09923c0c-8abb-4e06-8b07-b577b0c06eda
KBOGOR,D1258,MINI ELMO TAS SELEMPANG,D1258 MINI ELMO TAS SELEMPANG,6000,6500,https://shopee.co.id/-LOKAL--D1258-Mini-elmo-tas-selempang-sling-bag-mini-Double-Mini-Elmo-Morymony-i.135900627.4525855861?sp_atk=2e3ff4f3-3022-45f0-ad4b-b4291074b00e,6500,MORY MONY,5000,https://shopee.co.id/MORYMONY-CLARK-Tas-Selempang-Wanita-i.20287667.7137976067?sp_atk=36116c45-7bcb-441a-b74e-6bef7f7578c8,REYRESHY,7650,https://shopee.co.id/JS_Tas-Selempang-ELMO-Tas-Selempang-Termurah-Tas-Selempang-Cewek-Tas-Selempang-Elmo-i.238905576.3979711251?sp_atk=fab56450-6ed2-414c-ad3f-c7db5aefa66a&xptdk=fab56450-6ed2-414c-ad3f-c7db5aefa66a
KBOGOR,D1261,TOTEBAG SONYA,D1261 TOTEBAG SONYA,9000,10500,https://shopee.co.id/-LOKAL--D1261-TOTEBAG-SONYA-Tote-Bag-Wanita-Morymony-i.135900627.7025867249?sp_atk=5b8b38b8-97ca-44f1-872b-9e13d079c653,10500,MORY MONY,7000,https://shopee.co.id/MORYMONY-SONYA-Tote-Bag-Wanita-i.20287667.2880638064?sp_atk=dfded0ba-36ee-4582-b7b7-e7313e7ed4af,REYRESHY,-,-
KBOGOR,D1276,WAISTBAG 3,D1276 WAISTBAG 03,10493,11999,https://shopee.co.id/-LOKAL--D1276-WAISTBAG-03-Tas-Pinggang-Wanita-i.135900627.6030642366?sp_atk=372ca842-2910-43b9-801c-3ade7c237c14,11999,MORY MONY,5000,https://shopee.co.id/MORYMONY-KIMORA-WAISTBAG-Tas-Pinggang-Wanita-i.20287667.3920972154?sp_atk=d0d50c33-59f4-4784-b0fe-666cefad76e7,REYRESHY,-,-
KBOGOR,D1277,WAISTBAG 4,D1277 WAISTBAG 04,10550,11999,https://shopee.co.id/-LOKAL--D1277-WAISTBAG-04-Tas-Pinggang-Wanita-i.135900627.7130651417?sp_atk=120d77b3-83a0-4061-90d3-b9576478ee76,11999,MORY MONY,10000,https://shopee.co.id/MORYMONY-WAISTBAG-04-Tas-Pinggang-Wanita-i.20287667.3521077655?sp_atk=9c2e92cf-bc5a-4b64-944c-4ba44a6bccd4,REYRESHY,13500,https://shopee.co.id/RR-WAISTBAG-04-Tas-Pinggang-Wanita-i.154549401.4637422560?sp_atk=b0ce072d-e7a8-45e9-befb-44821d729b88
KBOGOR,D1279,TAS DOMINIC,D1279 TAS DOMINIC,14790,17999,https://shopee.co.id/-LOKAL-DOMMO-D1279-TAS-DOMINIC-Tas-Ransel-Backpack-Korea-Fashion-i.135900627.6930986764?sp_atk=6b6e4bbd-6687-4d94-b124-c99caaf3c396&xptdk=6b6e4bbd-6687-4d94-b124-c99caaf3c396,17999,MORY MONY,-,-,REYRESHY,-,-
KBOGOR,D1281,TAS TULIP,D1281 TAS TULIP,18214,21935,https://shopee.co.id/-LOKAL-DOMMO-D1281-TAS-TULIP-TUTUP-Tas-Ransel-Backpack-Korea-i.135900627.4831001081?sp_atk=f92edb6a-5c7f-4f52-bd24-734b390b49ac&xptdk=f92edb6a-5c7f-4f52-bd24-734b390b49ac,21935,MORY MONY,-,-,REYRESHY,-,-
KBOGOR,D1283,INTAN,D1283 INTAN,5450,6000,https://shopee.co.id/-LOKAL--D1283-INTAN-Tas-Ransel-Serut-Wanita-i.135900627.6831017875?sp_atk=415c2348-8be9-419b-8666-e468215c76a0,6000,MORY MONY,4000,https://shopee.co.id/MORYMONY-INTAN-Tas-Ransel-Serut-Wanita-Totebag-Kanvas-Murah-Kpop-i.20287667.6319927505?sp_atk=e3e98f02-e6e7-4a89-99b6-798f5db99f63,REYRESHY,5000,https://shopee.co.id/RR-INTAN-Tas-Tote-Serut-Wanita-i.154549401.6237767844?sp_atk=2c922ceb-abda-4ca0-8e1d-07236deafa7a
KBOGOR,D1285,GNEI,D1285 GNEI,5112,5500,https://shopee.co.id/-LOKAL--D1285-GNEI-Tas-Selempang-sling-bag-sporty-i.135900627.7731076036?sp_atk=c2cab7d5-146f-4154-83b6-4abed291f599,5500,MORY MONY,5000,https://shopee.co.id/MORYMONY-GNEI-Tas-Selempang-Wanita-i.20287667.4538391339?sp_atk=080eb200-a93b-4724-bfd4-9fb0a5913fcb,REYRESHY,11500,https://shopee.co.id/RR-GNEI-Tas-Selempang-Wanita-i.154549401.4765681070?sp_atk=44326e85-7495-47f1-ae92-090f960d3e9e
KBOGOR,D1299,TAS PANCONG,D1299 TAS PANCONG,16000,18999,https://shopee.co.id/-LOKAL--D1299-TAS-PANCONG-FASHION-BAKPAO-BORDIR-RAPET-KOTAK-i.135900627.5434202661?sp_atk=7f0a9726-3854-477f-97a5-0147e36acb2b,18999,MORY MONY,-,-,REYRESHY,-,-
KBOGOR,D1313,MORYMONY QUINN,D1313 MORYMONY QUINN,8000,10000,https://shopee.co.id/-LOKAL--D1313-MORYMONY-QUINN-Tas-Selempang-Wanita-TAS-SELEMPANG-MOTIF-CARTOON-TAS-i.135900627.4739286057?sp_atk=1433c716-a755-4cf6-b7b6-a823d0a8a794,10000,MORY MONY,10000,https://shopee.co.id/MORYMONY-QUINN-Tas-Selempang-Wanita-i.20287667.7000320167?sp_atk=180c1ad2-7e71-45a2-bda3-dcab0eb8aab4,REYRESHY,-,-
KBOGOR,D1320,TOTE BAG GRACE,D1320 TOTE BAG GRACE,6000,9499,https://shopee.co.id/-LOKAL--D1320-Tote-Bag-GRACE-Tote-Bag-Wanita-Morymony-i.135900627.7939680760?sp_atk=17119de1-df64-4f29-b4a4-78401411d4ff,9499,MORY MONY,-,https://shopee.co.id/MORYMONY-GRACE-Tote-Bag-Wanita-Totebag-Murah-i.20287667.4716685800?sp_atk=a9a446f9-6816-4919-86b0-c32defbfc5f8,REYRESHY,7900,https://shopee.co.id/BELLALUNA-Totebag-GRACE-tas-selempang-bahu-wanita-korea-i.523089746.13090097168?sp_atk=c3446d81-81b7-499c-8d8c-b173e8ce2db2&xptdk=c3446d81-81b7-499c-8d8c-b173e8ce2db2
KBOGOR,D1325,TAS SLEMPANG TATIANA,D1325 TAS SLEMPANG TATIANA,6200,6799,https://shopee.co.id/-LOKAL--D1325-Tas-Slempang-TATIANA-Tas-Selempang-Wanita-i.135900627.7339832398?sp_atk=bd3925fe-fa01-4698-ad5b-43332c8a8b38,6799,MORY MONY,5000,https://shopee.co.id/PROMO-DAN-STOK-TERBATAS!!-TATIANA-TAS-SELEMPANG-WANITA-TAS-HP-HPO-SIMPLE-i.96553635.17654825563?sp_atk=17e55952-c9cc-45f8-b4c2-0da854cffbc5&xptdk=17e55952-c9cc-45f8-b4c2-0da854cffbc5,REYRESHY,5500,https://shopee.co.id/tatiana-tas-selempang-wanita-tas-hp-fashion-i.324387904.15587563091?sp_atk=f30487cc-821b-4ff0-b966-9f9e7845d457&xptdk=f30487cc-821b-4ff0-b966-9f9e7845d457
KBOGOR,D1327,FREYA,D1327 FREYA,4000,4500,https://shopee.co.id/-LOKAL--D1327-TAS-SERUT-FREYA-Tas-Serut-Wanita-Morymony-i.135900627.3340026119?sp_atk=114a05df-f695-4600-813c-a0b774a6d419,4500,MORY MONY,-,-,REYRESHY,4500,https://shopee.co.id/RR-FREYA-Tas-Tote-Serut-Wanita-i.154549401.7232046932?sp_atk=9426df60-730f-4d8e-a979-c585b4b6a102
KBOGOR,D1329,WAISTBAG JOJO,D1329 WAISTBAG JOJO,12850,13999,https://shopee.co.id/-LOKAL--D1329-WAISTBAG-JOJO-Tas-Pinggang-Wanita-i.135900627.5740938742?sp_atk=b6b117f4-6115-4c8d-b536-7c65b2fa87fe,13999,MORY MONY,10000,https://shopee.co.id/MORYMONY-WAISTBAG-JOJO-Tas-Pinggang-Wanita-i.20287667.4637392720?sp_atk=86d31cc3-2602-4a53-b52b-ce4ad88b09b2,REYRESHY,12500,https://shopee.co.id/RR-WAISTBAG-JOJO-Tas-Pinggang-Wanita-i.154549401.4238032591?sp_atk=08828666-9b23-42d5-8249-bcf56a78c72f
KBOGOR,D1330,WAISTBAG TATUM,D1330 WAISTBAG TATUM,9000,10000,https://shopee.co.id/-LOKAL--D1330-WAISTBAG-TATUM-Tas-Pinggang-Wanita-Waistbag-i.135900627.6441645717?sp_atk=4a6e6986-05c6-4e66-81b8-8de6334c3634,10000,MORY MONY,7000,https://shopee.co.id/MORYMONY-TATUM-Tas-Pinggang-Wanita-Waistbag-i.20287667.6138149072?sp_atk=6e27564e-6696-4d5c-9c80-cf30ff87fa2b,REYRESHY,-,-
KBOGOR,D1331,FARASYA,D1331 FARASYA,7000,8500,https://shopee.co.id/-LOKAL--D1331-FARASYA-Tas-Selempang-Wanita-i.135900627.3741809954?sp_atk=dd5eb645-7715-4f17-805f-2a906529629f,8500,MORY MONY,10000,https://shopee.co.id/MORYMONY-FARASYA-Tas-Selempang-Wanita-Slingbag-Mini-i.20287667.4839431165?sp_atk=d8136a54-e600-4916-a8a6-bd86a32cb558,REYRESHY,-,-
KBOGOR,D1333,- OKTA,D1333 - OKTA,5500,8999,https://shopee.co.id/product/135900627/6842344678/,8999,MORY MONY,-,https://shopee.co.id/MORYMONY-OKTA-Dompet-Pocket-Tempat-Hp-Wanita-Selempang-Mini-i.20287667.3155074450?sp_atk=bb437976-e1a1-4e74-8abf-96f85e4ffe0d,REYRESHY,8000,https://shopee.co.id/RR-OKTA-Dompet-Selempang-HP-Pocket-Wanita-i.154549401.4561395179?sp_atk=f0bb248d-3b28-48ca-b697-62e01066db0b
KBOGOR,D1336,TAS RAVEN,D1336 TAS RAVEN,10875,13500,https://shopee.co.id/-LOKAL--D1336-TAS-RAVEN-Tas-Selempang-Wanita-i.135900627.5142719754?sp_atk=14163535-0dae-4295-8484-ad8e85e703c9,13500,MORY MONY,10000,https://shopee.co.id/MORYMONY-RAVEN-Tas-Selempang-Wanita-i.20287667.5738880923?sp_atk=1f012723-3360-4ba2-979f-f1e242f80407,REYRESHY,13500,https://shopee.co.id/RR-RAVEN-Tas-Selempang-Wanita-i.154549401.4162057238?sp_atk=835f5484-689a-4611-966c-bd93de4488d8
KBOGOR,D1337,TAS PETAK ELMA,D1337 TAS PETAK ELMA,8050,10500,https://shopee.co.id/product/135900627/6542764678/,10500,MORY MONY,-,https://shopee.co.id/MORYMONY-ELMO-Tas-Selempang-Wanita-Slingbag-Mini-i.20287667.4325466042?sp_atk=18ae2bc2-2a0e-4f5e-accc-992b91cf04cb,REYRESHY,-,-
KBOGOR,D1338,- TOTEBAG RJ TATA,D1338 - TOTEBAG RJ TATA,4300,4999,https://shopee.co.id/product/135900627/7242917285/,4999,MORY MONY,-,https://shopee.co.id/MORYMONY-BISKY-Tote-Bag-Wanita-i.20287667.5155823599?sp_atk=d6e38539-a77a-46e7-8886-705605dc4b7e,REYRESHY,-,-
KBOGOR,D1339,MADONA,D1339 MADONA,8000,9999,https://shopee.co.id/-LOKAL--D1339-MADONA-Tas-Selempang-Wanita-Dari-Jakarta-BISA-COD-Tas-kekinian-i.135900627.5644323420?sp_atk=de8037c4-8981-48de-9eff-f3766cd61f69,9999,MORY MONY,7999,https://shopee.co.id/MORYMONY-MADONA-Tas-Selempang-Wanita-i.20287667.6523972589?sp_atk=38295077-54fe-4e75-a902-103238f6f2a7,REYRESHY,-,-
KBOGOR,D1344,RARA,D1344 RARA,8000,6999,https://shopee.co.id/-LOKAL--D1344-RARA-Tas-Selempang-Wanita-MORYMONY-i.135900627.6944349720?sp_atk=0f84b20b-7ea1-42b2-b9f5-11a05310a173,6999,MORY MONY,5000,https://shopee.co.id/MORYMONY-RARA-Tas-Selempang-Wanita-i.20287667.4131551542?sp_atk=46888db8-1c03-40f2-af9e-f77191d76e3b,REYRESHY,-,-
KBOGOR,D1350,DCY,D1350 DCY,5400,6799,https://shopee.co.id/-LOKAL--D1350-DCY-Tas-Selempang-Wanita-MORYMONY-DARI-JAKARTA-BISA-COD-i.135900627.5444635382?sp_atk=b4b03293-ee91-46d6-bc1b-1b0cd6cd5c96,6799,MORY MONY,5000,https://shopee.co.id/MORYMONY-DCY-Tas-Selempang-Wanita-i.20287667.3539673731?sp_atk=5f24b14b-a03e-40b1-893c-d53f970f92ea,REYRESHY,-,-
KBOGOR,D1351,FAREL,D1351 FAREL,10970,11999,https://shopee.co.id/-LOKAL--D1351-FAREL-Tas-Selempang-Wanita-MORYMONY-DARI-JAKARTA-BISA-COD-i.135900627.3644737780?sp_atk=8166f320-88ec-40e7-b725-996b4540546b,11999,MORY MONY,10000,https://shopee.co.id/MORYMONY-FAREL-Tas-Selempang-Wanita-i.20287667.5740386185?sp_atk=af00a331-5185-4f50-be1d-4f9e0152b44f,REYRESHY,17000,https://shopee.co.id/RR-FAREL-Tas-Selempang-Wanita-i.154549401.7268894081?sp_atk=1f79b385-86b1-42c7-b76b-c576d27f230d
KBOGOR,D1355,GENCY,D1355 GENCY,9500,11999,https://shopee.co.id/-LOKAL--D1355-GENCY-Tas-Selempang-Slingbag-Keren-Wanita-Kpop-Korea-i.135900627.3648143374?sp_atk=518ef9dd-f962-4b4c-9e04-b51315431389,11999,MORY MONY,-,https://shopee.co.id/MORYMONY-GENCY-Tas-Pinggang-Waistbag-i.20287667.2864508261?sp_atk=984afe11-9d8c-480a-a78d-e03c52546110,REYRESHY,-,-
KBOGOR,D1373,TAS AUDREY,D1373 TAS AUDREY,7427,8900,https://shopee.co.id/-LOKAL--D1373-TAS-AUDREY-Tas-Wanita-Tas-Buaya-Shoulder-bag-MORYMONY-Croco-Bag-Bahan-Buaya-i.135900627.4853763574?sp_atk=88909269-2e3b-4ef7-af1a-ca3e8244fafb,8900,MORY MONY,-,https://shopee.co.id/MORYMONY-AUDREY-Shoulder-bag-Tas-Bahu-Pesta-i.20287667.6853358215?sp_atk=a309e358-ac72-4d65-b345-e858ec5bf4cd,REYRESHY,8900,https://shopee.co.id/Shoulder-Bag-Tas-Bahu-Audrey-i.1611358.5942573609?sp_atk=c3de8b63-c428-4acd-968a-e35ff94c39f0&xptdk=c3de8b63-c428-4acd-968a-e35ff94c39f0
KBOGOR,D1379,WAISTBAG MIKI,D1379 WAISTBAG MIKI,7700,8999,https://shopee.co.id/-LOKAL--D1379-WAISTBAG-MIKI-Tas-Selempang-Wanita-i.135900627.7956238397?sp_atk=64c9309e-68e7-4c9e-9d70-756c2a04934b,8999,MORY MONY,-,-,REYRESHY,-,-
KBOGOR,D1379,WAISTBAG MIKI,D1379 WAISTBAG MIKI,4100,4999,https://shopee.co.id/-LOKAL-DOMMO--Totebag-(PAKAI-RESLETING)-Tote-bag-GAMBAR-UNIK-kpop-murah-wanita-custom-motif-i.135900627.4366204205?sp_atk=e7932d53-1fd3-4bae-824c-c0250bb27b87,4999,MORY MONY,2500,https://shopee.co.id/-LOKAL-MORYMONY--ToteBag-tote-bag-custom-tas-tote-wanita-kpop-murah-custom-motif-DOMMO-i.20287667.13610344011?sp_atk=7d1adc4d-2d73-401d-b55f-b70c65a23b21,REYRESHY,5500,https://shopee.co.id/RR-KPOP-DARIN-Tote-bag-kpop-murah-wanita-custom-motif-i.154549401.3425728808?sp_atk=5d34af9e-c462-4b4d-9d1a-2d53bfd74031
KBOGOR,D1383,TAS VICTORIA,D1383 TAS VICTORIA,16530,20000,https://shopee.co.id/-LOKAL-DOMMO-D1383-TAS-VICTORIA-Tas-Ransel-Bisa-Selempang-MORYMONY-i.135900627.5060576138?sp_atk=b22268fa-50aa-455d-9128-2071d576edff&xptdk=b22268fa-50aa-455d-9128-2071d576edff,20000,MORY MONY,20000,https://shopee.co.id/MORMON-VICTORIA-Tas-Ransel-Bisa-Selempang-i.20287667.5516940299?sp_atk=8b8cc31d-966f-47a8-8ade-6cf54b3768f4&xptdk=8b8cc31d-966f-47a8-8ade-6cf54b3768f4,REYRESHY,24000,https://shopee.co.id/RR-VICTORIA-Tas-Ransel-Bisa-Selempang-i.154549401.8604210598?sp_atk=c80e0808-3b0f-4faf-9acf-de397d9060b2&xptdk=c80e0808-3b0f-4faf-9acf-de397d9060b2
KBOGOR,D1384,GON,D1384 GON,7000,9999,https://shopee.co.id/-Bundle-Deals-3.3--D1384-GON-Tas-Selempang-TasWanita-MORYMONY-i.135900627.4478437955?sp_atk=3f9b12bc-043f-431d-a648-e80e27c3002c,9999,MORY MONY,-,https://shopee.co.id/MORYMONY-GON-Slingbag-Wanita-Tas-Selempang-i.20287667.8612265129?sp_atk=0ee0f30b-c393-44da-95ac-ca0d4a1eb68a,REYRESHY,13000,https://shopee.co.id/RR-GON-Shoulder-Bag-Wanita-i.154549401.6963790925?sp_atk=f81cb731-343e-4351-9647-8080008d87e2
KBOGOR,D1386,TOTEBAG TOTE (PAKAI RESLETING),D1386 TOTEBAG TOTE (PAKAI RESLETING),4100,4999,https://shopee.co.id/-LOKAL-DOMMO-D1514-(H)-Totebag-tote-(PAKAI-PEREKAT)-Karakter-Tote-bag-kpop-murah-wanita-custom-motif-i.135900627.13936846582?sp_atk=73bb87f5-8009-4230-bfd3-082500bd28fc,4999,MORY MONY,-,-,REYRESHY,5500,https://shopee.co.id/RR-KPOP-DARIN-Tote-bag-kpop-murah-wanita-custom-motif-i.154549401.3425728808?sp_atk=5d34af9e-c462-4b4d-9d1a-2d53bfd74031
KBOGOR,D1387,TOTEBAG MILK RABBIT,D1387 TOTEBAG MILK RABBIT,3044,4999,https://shopee.co.id/-LOKAL--D1387-ToteBag-MILK-RABBIT-Tote-Bag-Wanita-MORYMONY-i.135900627.4966205416?sp_atk=2e3ac1ad-0893-4007-9635-8e2bf8e1fbd9,4999,MORY MONY,-,https://shopee.co.id/MORYMONY-TOTE-MILK-RABBIT-Tote-Bag-Wanita-i.20287667.2444954276?sp_atk=87eca174-8adf-4c72-94c7-08b05799fb27,REYRESHY,5000,https://shopee.co.id/RR-TOTE-MILK-RABIT-Tote-Bag-Wanita-i.154549401.4038643436?sp_atk=34ee9071-c223-4eb0-b111-315428153c8c
KBOGOR,D1388,TOTEBAG LEAF DAUN,D1388 TOTEBAG LEAF DAUN,4100,5000,https://shopee.co.id/product/135900627/4366206976/,5000,MORY MONY,-,-,REYRESHY,-,-
KBOGOR,D1420,TOTEBAG MEOW,D1420 TOTEBAG MEOW,2700,3599,https://shopee.co.id/-LOKAL--D1420-Totebag-MEOW-Tas-Tote-Bag-Wanita-i.135900627.4267642657?sp_atk=476cce2a-a2ce-43fd-85a2-103ab9b9a29a,3599,MORY MONY,-,https://shopee.co.id/MORYMONY-MEOW-Tas-Tote-Bag-Wanita-i.20287667.4502840429?sp_atk=5c5c287c-bb2e-4dfe-bf99-dd85c6b2309f,REYRESHY,5000,https://shopee.co.id/RR-MEOW-Tas-Tote-Bag-Wanita-i.154549401.7801177310?sp_atk=6f29c9ad-9dbd-4891-b634-b8ca3e412dce
KBOGOR,D1423,TAS BAHU AZURA,D1423 TAS BAHU AZURA,7829,9999,https://shopee.co.id/-LOKAL--D1423-Tas-Bahu-AZURA-Shoulder-Bag-Wanita-i.135900627.4367994661?sp_atk=cf5b787c-0685-4e3e-876f-9d2c771114bf,9999,MORY MONY,9999,https://shopee.co.id/MORYMONY-AZURA-Shoulder-Bag-Wanita-i.20287667.5267265729?sp_atk=7eac2b58-1a93-48df-bcf7-553ac7bb522a,REYRESHY,11500,https://shopee.co.id/RR-AZURA-Shoulder-Bag-Wanita-i.154549401.3965761604?sp_atk=fa6d77aa-2ae8-467e-ba9f-a7970e4d82b6
KBOGOR,D1424,TAS CROCO,D1424 TAS CROCO,14000,17300,https://shopee.co.id/-LOKAL--D1424-TAS-CROCO-TAS-SELEMPANG-RANTAI-CRT-i.135900627.3369043342?sp_atk=a4bfcd98-32df-4b34-b156-7da50e9fdc25,17300,MORY MONY,-,-,REYRESHY,-,-
KBOGOR,D1429,TAS MULAN,D1429 TAS MULAN,11100,12500,https://shopee.co.id/-LOKAL--D1429-TAS-MULAN-Tas-Selempang-Wanita-ShoulderBag-i.135900627.8409093373?sp_atk=8c792c76-5e19-4795-815d-39703559e79b,12500,MORY MONY,10000,https://shopee.co.id/MORYMONY-MULAN-Shoulder-Bag-Tas-Bahu-Wanita-Tas-Selempang-Slingbag-i.20287667.6674744757?sp_atk=b26e8ad7-ddd5-4208-9b2f-0c47426abe7b,REYRESHY,12500,https://shopee.co.id/RIZKIBAG-MULAN-TAS-SELEMPANG-WANITA-i.90497767.9662515789?sp_atk=ceb50710-2822-42e6-8d4d-b1707600f28b&xptdk=ceb50710-2822-42e6-8d4d-b1707600f28b
KBOGOR,D1430,TAS MINI HANIN,D1430 TAS MINI HANIN,7307,9399,https://shopee.co.id/-LOKAL--D1430-TAS-MINI-HANIN-Tas-Selempang-Wanita-ShoulderBag-i.135900627.9611206829?sp_atk=264a62c0-c4fc-481a-877a-6ec335364c1b,9399,MORY MONY,9399,https://shopee.co.id/MORYMONY-MAURICE-Slingbag-i.20287667.5578888045,REYRESHY,-,-
KBOGOR,D1431,TAS DELVA,D1431 TAS DELVA,10800,13999,https://shopee.co.id/-LOKAL--D1431-TAS-DELVA-Tas-Selempang-Wanita-ShoulderBag-i.135900627.6477631849?sp_atk=7e7cedd3-cdb1-49ae-ba9d-0cd9d24e5d37,13999,MORY MONY,-,-,REYRESHY,-,-
KBOGOR,D1432,TAS FLO GAGANG,D1432 TAS FLO GAGANG,11237,14999,https://shopee.co.id/-LOKAL--D1432-Tas-FLO-GAGANG-Handbag-Tas-Selempang-Tas-Bahu-Mini-i.135900627.5678002915?sp_atk=e80701c6-f41d-4a59-a430-58f51f878252,14999,MORY MONY,-,-,REYRESHY,-,-
KBOGOR,D1433,TAS BEKRO,D1433 TAS BEKRO,15000,16999,https://shopee.co.id/-LOKAL--D1433-Tas-BEKRO-Selempang-clutch-Tas-Wanita-i.135900627.8111574898?sp_atk=2ac8559b-6830-418d-b5ff-cb6d0a79792b,16999,MORY MONY,-,-,REYRESHY,-,-
KBOGOR,D1436,TAS ANDIN,D1436 TAS ANDIN,16095,17999,https://shopee.co.id/-LOKAL--D1436-Tas-ANDIN-Shoulder-Bag-Tas-selempang-Wanita-i.135900627.4878696345?sp_atk=cf246583-b8b4-4c32-8a83-b28837459b50,17999,MORY MONY,10000,https://shopee.co.id/MORYMONY-ANDIN-Shoulder-Bag-Tas-Jinjing-Tenteng-Bahu-Tas-Selempang-Wanita-i.20287667.3576393962?sp_atk=46445ff6-7803-47e9-8d0d-dca0d2e8f7bc,REYRESHY,-,-
KBOGOR,D1437,TAS RANTE ANYAM,D1437 TAS RANTE ANYAM,12400,14999,https://shopee.co.id/-LOKAL--D1437-Tas-RANTE-ANYAM-TAS-BAHU-TAS-SELEMPANG-DUA-TALI-i.135900627.5778680036?sp_atk=309d3e05-9e20-4dee-b791-19a14ea9a1d3,14999,MORY MONY,-,-,REYRESHY,-,-
KBOGOR,D1442,TAS KULLA,D1442 TAS KULLA,15750,17999,https://shopee.co.id/-LOKAL--D1442-Tas-KULLA-Tas-selempang-wanita-Tas-Kerut-Fashion-wanita-i.135900627.8513954710?sp_atk=7264d518-33ed-4bd4-8b75-ab1cd48f9bf6,17999,MORY MONY,-,-,REYRESHY,-,-
KBOGOR,D1446,TOTEBAG SAPI,D1446 TOTEBAG SAPI,4100,6300,https://shopee.co.id/product/135900627/9914785433/,6300,MORY MONY,-,-,REYRESHY,-,-
KBOGOR,D1474,TAS SELEMPANG VINTAGE MELATI,D1474 TAS SELEMPANG VINTAGE MELATI,13000,14999,https://shopee.co.id/-LOKAL--D1474-Tas-selempang-Vintage-MELATI-i.135900627.4081278749?sp_atk=b6cc203b-6fda-4217-adcb-474fa85aba65,14999,MORY MONY,-,-,REYRESHY,-,-
KBOGOR,D1495,TAS MINIBOX,D1495 TAS MINIBOX,16529,19999,https://shopee.co.id/-LOKAL--D1495-Tas-Minibox-Tas-Selempang-wanita-Tas-Bahu-i.135900627.11908654441?sp_atk=0c8d40bc-5d7c-4931-9b1a-04e5b35003f5,19999,MORY MONY,16000,https://shopee.co.id/Minibox-selempang-FB91-naurina-i.241691.4997147968?sp_atk=bc6598aa-c9f2-4028-8a6f-9a28004858fc&xptdk=bc6598aa-c9f2-4028-8a6f-9a28004858fc,REYRESHY,14500,https://shopee.co.id/3putraoutlet-Tas-selempang-Minibox-Naurina-FB91-i.192181600.10225312583?sp_atk=75366e4b-eaa2-4b80-b8f4-15c23c02f790&xptdk=75366e4b-eaa2-4b80-b8f4-15c23c02f790
KBOGOR,D1496,TAS CLAUDIA,D1496 TAS CLAUDIA,13485,16500,https://shopee.co.id/-LOKAL--D1496-TAS-CLAUDIA-Tas-Selempang-Wanita-Casual-Claudia-Corean-Style-i.135900627.7191099002?sp_atk=95f862d1-169c-49b7-8630-32b69c9fbd6b,16500,MORY MONY,-,-,REYRESHY,-,-
KBOGOR,D1497,PUTRI,D1497 PUTRI,13500,16999,https://shopee.co.id/-LOKAL--D1497-PUTRI-Shoulders-Bag-Tas-Selempang-Wanita-Tas-Bordir-Wanita-Tas-Fashio-i.135900627.11909941261?sp_atk=f76b6ab5-cbee-4aeb-893f-3fbee23e194e,16999,MORY MONY,-,-,REYRESHY,-,-
KBOGOR,D1498,POCKET CROCO,D1498 POCKET CROCO,7000,7999,https://shopee.co.id/-D1498-POCKET-CROCO-DOMPET-HP-TAS-SLING-PHONE-TAS-SELEMPANG-i.135900627.10516210496?sp_atk=20cddfb2-ec94-4c1c-94ce-26df4023b2eb,7999,MORY MONY,8999,https://shopee.co.id/CROCO-POCKET-Tas-Selempang-Dompet-Tempat-Hp-MORYMONY-i.20287667.13510990624?sp_atk=d98b1954-5c35-4336-932b-15b0c7b7a74b,REYRESHY,7890,https://shopee.co.id/CROCO-POCKET-TAS-SELEMPANG-DOMPET-SLEMPANG-SLING-PHONE-i.8658166.13662911757?sp_atk=0b807c5b-bb0f-4e3e-a220-e160ca2e0750&xptdk=0b807c5b-bb0f-4e3e-a220-e160ca2e0750
KBOGOR,D1499,TAS SELEMPANG VHINA,D1499 TAS SELEMPANG VHINA,12606,14999,https://shopee.co.id/-D1499-TAS-SELEMPANG-VHINA-Tas-Wanita-i.135900627.8375177449?sp_atk=aea15e78-77c7-4393-b0d2-ae086913b40f,14999,MORY MONY,-,-,REYRESHY,-,-
KBOGOR,D1502,TAS DESY SLINGBAG WANITA,D1502 TAS DESY SLINGBAG WANITA,11500,15999,https://shopee.co.id/-LOKAL--D1502-Tas-DESY-Slingbag-Wanita-Terbaru-Tas-Selempang-Wanita-Simple-i.135900627.8884725379?sp_atk=cecac02e-8fc5-4faf-9ebc-41ddd660ee0f,15999,MORY MONY,-,-,REYRESHY,-,-
KBOGOR,D1505,TAS NAURA,D1505 TAS NAURA,16095,19999,https://shopee.co.id/-LOKAL--D1505-Tas-NAURA-Tas-handphone-terbaru-tas-selempang-wanita-i.135900627.2986745824?sp_atk=181a99e4-de71-4f36-8ec0-9c86f7bf91ed,19999,MORY MONY,-,-,REYRESHY,-,-
KBOGOR,D1506,TAS SELEMPANG SEPATU,D1506 TAS SELEMPANG SEPATU,7786,9999,https://shopee.co.id/-LOKAL--D1506-Tas-Selempang-SEPATU-Morymony-Slingbag-i.135900627.11145909749?sp_atk=4bd942be-3b84-474f-a34e-14b468305aa4,9999,MORY MONY,9999,https://shopee.co.id/MORYMONY-SEPATU-Slingbag-Tas-Selempang-Wanita-i.20287667.10019130521?sp_atk=522dc24c-0220-4368-bc1f-17eda66c9651,REYRESHY,-,-
KBOGOR,D1508,TOTEBAG BIG,D1508 TOTEBAG BIG,5644,6999,https://shopee.co.id/-LOKAL--D1508-TOTEBAG-BIG-varian-sablon-PAKAI-PEREKAT-i.135900627.10855900897?sp_atk=4d7b570e-effc-4ee6-9cd0-622eaa379fd5,6999,MORY MONY,-,https://shopee.co.id/TOTEBAG-BIG-varian-sablon-C7-MORYMONY-i.20287667.9193866082?sp_atk=e6e04ed5-4762-44ba-b9b4-31f8ba4c84b8,REYRESHY,-,-
KBOGOR,D1509,TOTE ART PRINTING,D1509 TOTE ART PRINTING,5644,6499,https://shopee.co.id/-LOKAL-DOMMO-D1509-Tote-bag-Art-Printing-Planet-Full-Color-PAKAI-PEREKAT-i.135900627.13122273660?sp_atk=cf92cfb3-0188-4390-926c-bb4d5e0ae3f0,6499,MORY MONY,-,-,REYRESHY,-,-
KBOGOR,D1510,TOTEBAG MALKA,D1510 TOTEBAG MALKA,4700,7000,https://shopee.co.id/-D1510-TOTEBAG-MALKA-Tas-Tote-Bag-Wanita-KPOP-i.135900627.11457136751?sp_atk=4b7878e6-eefd-4fc4-9866-d812be372d11,7000,MORY MONY,-,-,REYRESHY,7000,https://shopee.co.id/RR-KPOP-MALKA-Tas-Tote-Bag-Wanita-Ikatan-Cinta-i.154549401.6238646102?sp_atk=d30cf18e-a5ac-4c30-bb36-4aca4c0964d0
KBOGOR,D1512,TAS TRICK,D1512 TAS TRICK,5387,6479,https://shopee.co.id/-D1512-TAS-TRICK-Tas-Selempang-Wanita-i.135900627.12130765151?sp_atk=9d22f5b5-b62d-4321-aa3d-78a646079964,6479,MORY MONY,6999,https://shopee.co.id/MORYMONY-TRICK-Tas-Selempang-Wanita-i.20287667.9266110788?sp_atk=3068feb6-ff05-43f3-9d0b-64c86e6b4155,REYRESHY,10000,https://shopee.co.id/RR-TRICK-Tas-Selempang-Wanita-i.154549401.11750447867?sp_atk=07d5115e-0481-47da-bb24-c16d5e3633fd
KBOGOR,D1514,TOTEBAG PAKAI PEREKAT,D1514 TOTEBAG PAKAI PEREKAT,2900,3600,https://shopee.co.id/-LOKAL-DOMMO-D1514-TOTEBAG-PAKAI-PEREKAT-Tote-bag-kpop-murah-wanita-custom-motif-i.135900627.4160343749?sp_atk=5814e493-df0d-4da2-a9c1-b3d98a5330bc,3600,MORY MONY,3000,https://shopee.co.id/-LOKAL-MORYMONY-D1386-Totebag-tote-Karakter-Tote-bag-kpop-murah-wanita-custom-motif-i.20287667.13114168399?sp_atk=dd1a6620-4366-4468-a010-88794f642341&xptdk=dd1a6620-4366-4468-a010-88794f642341,REYRESHY,-,-
KBOGOR,D1517,TAS KARA,D1517 TAS KARA,8550,11999,https://shopee.co.id/-D1517-TAS-KARA-Tas-Selempang-Pria-dan-Wanita-Slingbag-Casual-Trendy-i.135900627.10570474018?sp_atk=606c914d-8e68-4a46-9730-ccd3ed67f933,11999,MORY MONY,-,-,REYRESHY,-,-
KBOGOR,D1518,TAS SELEMPANG HARUKA,D1518 TAS SELEMPANG HARUKA,14500,18500,https://shopee.co.id/-D1518-TAS-SELEMPANG-HARUKA-BHL-Tas-Murah-SlingBag-i.135900627.12652602419?sp_atk=656e4d70-f210-4965-9886-34bb79dfd937,18500,MORY MONY,-,-,REYRESHY,18500,https://shopee.co.id/Tas-selempamg-HARUKA-sling-bag-wanita-gold-plat-behel-rantai-terbaru-viral-i.218955463.14346215416?sp_atk=ea890f61-40b7-4241-a7a6-bc27099a0657&xptdk=ea890f61-40b7-4241-a7a6-bc27099a0657
KBOGOR,D1527,TAS JENNER SELEMPANG SLINGBAG WANITA,D1527 TAS JENNER SELEMPANG SLINGBAG WANITA,7786,10500,https://shopee.co.id/DOMMO-D1527-Tas-JENNER-Selempang-Slingbag-Wanita-i.135900627.20510682077?sp_atk=e54ce8c2-ac21-4b61-9724-ac37211d2201&xptdk=e54ce8c2-ac21-4b61-9724-ac37211d2201,10500,MORY MONY,10500,https://shopee.co.id/MORMON-JENNER-Tas-Selempang-Slingbag-Wanita-i.20287667.11946666106?sp_atk=a08ef144-d102-4552-bb77-586ed957f006&xptdk=a08ef144-d102-4552-bb77-586ed957f006,REYRESHY,10500,https://shopee.co.id/RR-JENNER-Tas-Selempang-Wanita-Terbaru-2021-i.154549401.7473740183?sp_atk=b221441f-95de-45ae-8a05-e9e3a092713d&xptdk=b221441f-95de-45ae-8a05-e9e3a092713d
KBOGOR,D1528,TAS HASNA SELEMPANG WANITA,D1528 TAS HASNA SELEMPANG WANITA,13919,15199,https://shopee.co.id/DOMMO-D1528-Tas-HASNA-Selempang-Wanita-i.135900627.14987339056?sp_atk=72d3b040-1074-4158-a0ff-babfbbc65a4c&xptdk=72d3b040-1074-4158-a0ff-babfbbc65a4c,15199,MORY MONY,-,-,REYRESHY,-,-
KBOGOR,D1529,TAS MELDY RANSEL WANITA,D1529 TAS MELDY RANSEL WANITA,22185,26500,https://shopee.co.id/DOMMO-D1529-Tas-MELDY-Ransel-Wanita-i.135900627.18910685447?sp_atk=61df9bca-6c82-4f3f-8761-66aead6c2d74&xptdk=61df9bca-6c82-4f3f-8761-66aead6c2d74,26500,MORY MONY,26500,https://shopee.co.id/MORMON-MELDY-Tas-Ransel-Wanita-i.20287667.9432979441?sp_atk=f69a356d-f1dc-4437-ba82-d583657e85fb&xptdk=f69a356d-f1dc-4437-ba82-d583657e85fb,REYRESHY,-,-
KBOGOR,D1530,TAS AIDA RANSEL BACKPACK FASHION,D1530 TAS AIDA RANSEL BACKPACK FASHION,11745,14300,https://shopee.co.id/DOMMO-D1530-Tas-AIDA-Ransel-Backpack-Fashion-i.135900627.17274270074?sp_atk=6a39ddcd-935e-4696-b418-677d1862aefc&xptdk=6a39ddcd-935e-4696-b418-677d1862aefc,14300,MORY MONY,-,-,REYRESHY,-,-
KBOGOR,D1531,TAS ZAFIA HP DOMPET POCKET TAS SELEMPANG WANITA,D1531 TAS ZAFIA HP DOMPET POCKET TAS SELEMPANG WANITA,9134,10599,https://shopee.co.id/DOMMO-D1531-Tas-ZAFIA-Hp-Dompet-Pocket-Tas-Selempang-Wanita-i.135900627.16674271287?sp_atk=fffaccbd-db68-4cc8-a302-9f907cf5215e&xptdk=fffaccbd-db68-4cc8-a302-9f907cf5215e,10599,MORY MONY,-,-,REYRESHY,-,-
KBOGOR,D1532,TAS ELVIRA SELEMPANG WANITA,D1532 TAS ELVIRA SELEMPANG WANITA,14355,17500,https://shopee.co.id/DOMMO-D1532-Tas-ELVIRA-Selempang-Wanita-i.135900627.20611231296?sp_atk=5a31557a-ebe0-4e1a-9e89-26dd8d028ccb&xptdk=5a31557a-ebe0-4e1a-9e89-26dd8d028ccb,17500,MORY MONY,17500,https://shopee.co.id/MORMON-ELVIRA-Tas-Selempang-Wanita-i.20287667.8635965936?sp_atk=e477318a-4109-41b5-8c91-2922fce1403d&xptdk=e477318a-4109-41b5-8c91-2922fce1403d,REYRESHY,17500,https://shopee.co.id/RR-ELVIRA-Tas-Selempang-Wanita-i.154549401.10534034441?sp_atk=8eef7413-d75e-4126-8c5c-c70fb690ae26&xptdk=8eef7413-d75e-4126-8c5c-c70fb690ae26
KBOGOR,D1533,TAS JULA,D1533 TAS JULA,18705,21999,https://shopee.co.id/DOMMO-D1533-Tas-JULA-Ransel-Anak-i.135900627.14788372553?sp_atk=a1a6f0e6-f1a3-434d-9c0c-fff1019cffb3&xptdk=a1a6f0e6-f1a3-434d-9c0c-fff1019cffb3,21999,MORY MONY,-,-,REYRESHY,-,-
KBOGOR,D1536,TAS BIANKA,D1536 TAS BIANKA,12527,14999,https://shopee.co.id/DOMMO-D1536-Tas-BIANKA-Slingbag-Tas-Selempang-Motif-Sapi-MORYMONY-i.135900627.18914675138?sp_atk=1f3a1984-d887-4f88-a3b6-417db5718978&xptdk=1f3a1984-d887-4f88-a3b6-417db5718978,14999,MORY MONY,-,-,REYRESHY,14900,https://shopee.co.id/dem_sare-DS1124-Bianka-Tas-slempang-Motif-Sapi-Tas-slempang-wanita-slingbag-wanita-rantai-Tas-Selempang-Wanita-Kekinian-i.367458966.15153452290?sp_atk=c8df1de7-1e18-4542-92bd-b8caa53391eb&xptdk=c8df1de7-1e18-4542-92bd-b8caa53391eb
KBOGOR,D1539,TAS MANTY,D1539 TAS MANTY,31609,34999,https://shopee.co.id/DOMMO-D1539-Tas-MANTY-Selempang-Wanita-T5088-Tas-Fashion-Wanita-Handbag-Tas-Import-i.135900627.21315040190?sp_atk=4bbbde83-85ad-4345-adb0-707f956f2ee2&xptdk=4bbbde83-85ad-4345-adb0-707f956f2ee2,34999,MORY MONY,-,-,REYRESHY,-,-
KBOGOR,D1540,TAS RIFA,D1540 TAS RIFA,36872,40499,https://shopee.co.id/DOMMO-D1540-Tas-RIFA-Selempang-Wanita-T5114-Sling-Bag-Wanita-HandBag-Fashion-Tas-Cewek-Tas-Import-Tas-Fashion-i.135900627.19415052617?sp_atk=5a5196a0-4769-4825-8cee-78a397d6de08&xptdk=5a5196a0-4769-4825-8cee-78a397d6de08,40499,MORY MONY,-,-,REYRESHY,-,-
KBOGOR,D1541,TAS RANSEL HEY 2 IN 1,D1541 TAS RANSEL HEY 2 IN 1,23850,26500,https://shopee.co.id/DOMMO-D1541-Tas-Ransel-HEY-2-in-1-!!-Tas-Ransel-Tas-Sekolah-Tas-Punggung-i.135900627.20715557147?sp_atk=8912bd53-5c6f-490a-bbda-a13f090c57d0&xptdk=8912bd53-5c6f-490a-bbda-a13f090c57d0,26500,MORY MONY,-,-,REYRESHY,-,-
KBOGOR,D1542,TAS 66 SHOULDER,D1542 TAS 66 SHOULDER,24210,26900,https://shopee.co.id/DOMMO-D1542-Tas-66-Shoulder-Bag-Tas-Wanita-Tas-Tengteng-Tas-Tote-ToteBag-i.135900627.21215561011?sp_atk=a0ff2cd2-1763-490e-a8ee-b53a18e53237&xptdk=a0ff2cd2-1763-490e-a8ee-b53a18e53237,26900,MORY MONY,-,-,REYRESHY,-,-
KBOGOR,D1570,TAS PAULA,D1570 TAS PAULA,8265,9500,https://shopee.co.id/DOMMO-D1570-Tas-PAULA-Selempang-Wanita-i.135900627.19321389657?sp_atk=10903b3b-3504-4fa8-9868-9a11ac3aadd3&xptdk=10903b3b-3504-4fa8-9868-9a11ac3aadd3,9500,MORY MONY,9999,https://shopee.co.id/MORMON-PAULA-Tas-Selempang-Wanita-i.20287667.8515840409?sp_atk=c6381228-4354-46b0-82e0-fb678dbb9425&xptdk=c6381228-4354-46b0-82e0-fb678dbb9425,REYRESHY,9500,https://shopee.co.id/TERMURAH-Tas-Slempang-Wanita-PAULA-i.90497767.9627515304?sp_atk=fee04cc7-b587-4271-8c9c-05eb6a2cc400&xptdk=fee04cc7-b587-4271-8c9c-05eb6a2cc400
KBOGOR,D1572,TAS BRENDA,D1572 TAS BRENDA,8264,9999,https://shopee.co.id/DOMMO-D1572-Waistbag-BRENDA-Tas-Pinggang-Wanita-i.135900627.20321394036?sp_atk=2a1e129b-c36a-4998-83a2-8beae8de5859&xptdk=2a1e129b-c36a-4998-83a2-8beae8de5859,9999,MORY MONY,9999,https://shopee.co.id/MORMON-BRENDA-Waistbag-Tas-Pinggang-Wanita-i.20287667.4978315621?sp_atk=f6346142-6ae5-4333-a48c-1f557b1d0c61&xptdk=f6346142-6ae5-4333-a48c-1f557b1d0c61,REYRESHY,9999,https://shopee.co.id/RIZKIBAG-BRENDA-Waistbag-Tas-Pinggang-Wanita-i.90497767.11233328512?sp_atk=5af60bc2-a1a5-4396-9b8c-2e11c371a269&xptdk=5af60bc2-a1a5-4396-9b8c-2e11c371a269
KBOGOR,D1573,CRISTINE,D1573 CRISTINE,15225,18500,https://shopee.co.id/DOMMO-D1573-Tas-CRISTINE-Selempang-Wanita-i.135900627.14389483768?sp_atk=8c161335-dfae-4301-99cc-c5098547911a&xptdk=8c161335-dfae-4301-99cc-c5098547911a,18500,MORY MONY,18500,https://shopee.co.id/MORMON-CRISTINE-Tas-Selempang-Wanita-i.20287667.5880857421?sp_atk=fd908fff-43db-4c9e-8475-6bbadbe3871f&xptdk=fd908fff-43db-4c9e-8475-6bbadbe3871f,REYRESHY,18500,https://shopee.co.id/RR-CRISTINE-Tas-Selempang-Wanita-i.154549401.4997655621?sp_atk=330993b3-5954-4e87-9242-1cc67e8a0f2d&xptdk=330993b3-5954-4e87-9242-1cc67e8a0f2d
KBOGOR,D1574,BANU,D1574 BANU,12180,15000,https://shopee.co.id/DOMMO-D1574-Tas-BANU-Selempang-Wanita-i.135900627.18721403677?sp_atk=ef8b3ef0-d8f2-4a93-ad07-980e5c0a3922&xptdk=ef8b3ef0-d8f2-4a93-ad07-980e5c0a3922,15000,MORY MONY,-,-,REYRESHY,15300,https://shopee.co.id/BANU-SLING-BAG-TAS-SELEMPANG-WANITA-i.392301510.14220765555?sp_atk=774cf6e0-393f-489f-9d98-0723dc38901a&xptdk=774cf6e0-393f-489f-9d98-0723dc38901a
KBOGOR,D5103,SANDAL WANITA RING BUNGA RM69,D5103 SANDAL WANITA RING BUNGA RM69,7500,12000,https://shopee.co.id/-LOKAL-DOMMO-D5103-SANDAL-WANITA-RING-BUNGA-RM-69-i.135900627.2931394077?sp_atk=07e270db-2742-4f8f-a897-65ec8a960ae5&xptdk=07e270db-2742-4f8f-a897-65ec8a960ae5,12000,MORY MONY,12500,https://shopee.co.id/9.9-shoping-day-sandal-etnik-cewe-ring-bunga-i.276263259.4071339534?sp_atk=e9edb3cc-c195-442f-b218-4cecc343a9d3&xptdk=e9edb3cc-c195-442f-b218-4cecc343a9d3,REYRESHY,12000,https://shopee.co.id/Sandal-Tali-Silang-Bunga-Matahari-Ring-i.204000585.4871617923?sp_atk=ce43f8c3-6dda-4df9-9845-822c92ea43a0&xptdk=ce43f8c3-6dda-4df9-9845-822c92ea43a0
KBOGOR,D6027,GANTUNGAN 1 IN 1 - GANTUNGAN KUNCI HIASAN TAS RANSEL TOTE SELEMPANG,D6027 GANTUNGAN 1 IN 1 - GANTUNGAN KUNCI HIASAN TAS RANSEL TOTE SELEMPANG,450,549,https://shopee.co.id/-LOKAL-DOMMO-D6027-GANTUNGAN-1-IN-1-Gantungan-Kunci-Hiasan-Tas-Ransel-Tote-Selempang-i.135900627.6553900146?sp_atk=f98a038d-6b69-4866-a53e-2f02130750cf&xptdk=f98a038d-6b69-4866-a53e-2f02130750cf,549,MORY MONY,-,-,REYRESHY,-,-
KBOGOR,D1537,Tas MAUREN,D1537 Tas MAUREN,7395,8999,https://shopee.co.id/DOMMO-D1537-Tas-MAUREN-Selempang-Wanita-Slingbag-mini-Tanpa-Boneka-i.135900627.18414678891?sp_atk=9ebfe8fa-41cb-4a82-aac5-92e480a9431b&xptdk=9ebfe8fa-41cb-4a82-aac5-92e480a9431b,8999,MORY MONY,9000,https://shopee.co.id/MORMON-MAUREN-Tas-Selempang-Wanita-Slingbag-mini-i.20287667.14520530758?sp_atk=632c4225-b67d-445c-b343-271407ebab86&xptdk=632c4225-b67d-445c-b343-271407ebab86,REYRESHY,-,-
KBOGOR,D1560,Tas Ive,D1560 Tas Ive,8264,9999,https://shopee.co.id/DOMMO-D1560-Tas-IVE-Selempang-Wanita-MORYMONY-i.135900627.19217186576?sp_atk=6367abe7-762a-4bb0-bac7-7d274fa08b8c&xptdk=6367abe7-762a-4bb0-bac7-7d274fa08b8c,9999,MORY MONY,-,-,REYRESHY,-,-
KBOGOR,D1576,Totebag Colour,D1576 Totebag Colour,3043,4499,https://shopee.co.id/DOMMO-D1576-TOTEBAG-COLOUR-Tas-Tote-Bag-Wanita-i.135900627.17379993205?sp_atk=45d0398b-6030-481f-a93d-cb8ba13aab72&xptdk=45d0398b-6030-481f-a93d-cb8ba13aab72,4499,MORY MONY,-,-,REYRESHY,5500,https://shopee.co.id/Colour-Tote-bag-wanita-tas-wanita-Hitam-i.10163243.13285818749?sp_atk=0424a799-d6bb-48fd-8e21-f21a35b8f214&xptdk=0424a799-d6bb-48fd-8e21-f21a35b8f214
KBOGOR,D1577,Tas Mariana,D1577 Tas Mariana,12179,15000,https://shopee.co.id/DOMMO-D1577-Tas-Mariana-Tas-Selempang-Mini-Wanita-MORMON-i.135900627.19526406816?sp_atk=68e0175a-172d-4d70-a30e-58201e85d463&xptdk=68e0175a-172d-4d70-a30e-58201e85d463,15000,MORY MONY,15000,https://shopee.co.id/Slingbag-Mariana-Tas-Selempang-Mini-Wanita-MORMON-i.20287667.15142972050?sp_atk=201a436a-8029-46d0-8f02-26a09e58e652&xptdk=201a436a-8029-46d0-8f02-26a09e58e652,REYRESHY,-,-
KBOGOR,D1195,TAS CHELSEA,D1195 TAS CHELSEA,29000,29000,-,29000,MORY MONY,-,-,REYRESHY,-,-
KBOGOR,D1559,Tas Hanna,D1559 Tas Hanna,15225,17999,https://shopee.co.id/DOMMO-D1559-Tas-HANNA-Selempang-Wanita-Slingbag-Mini-MORYMONY-i.135900627.14388919595?sp_atk=6e75772c-f443-471c-8b2d-7dcad6549e45&xptdk=6e75772c-f443-471c-8b2d-7dcad6549e45,17999,MORY MONY,10000,https://shopee.co.id/MORMON-HANNA-Tas-Selempang-Wanita-Slingbag-Mini-i.20287667.5225458267?sp_atk=323e939c-461a-4579-850e-b39af31f8e80&xptdk=323e939c-461a-4579-850e-b39af31f8e80,REYRESHY,-,-
KBOGOR,D1561,Tas Kelly,D1561 Tas Kelly,14789,16500,https://shopee.co.id/DOMMO-D1561-Tas-KELLY-Selempang-Wanita-MORYMONY-i.135900627.20117192772?sp_atk=12c03191-8577-497e-b227-ff56ebb170ac&xptdk=12c03191-8577-497e-b227-ff56ebb170ac,16500,MORY MONY,17999,https://shopee.co.id/MORMON-KELLY-Tas-Selempang-Wanita-i.20287667.4084312171?sp_atk=9febc74b-6fc0-4f96-9a5a-83edbb88ef22&xptdk=9febc74b-6fc0-4f96-9a5a-83edbb88ef22,REYRESHY,-,-
KBOGOR,D1578,Jiso Croc,D1578 Jiso Croc,27840,30499,https://shopee.co.id/DOMMO-D1578-Tas-JISO-CROCO-SLINBAG-i.135900627.21528111016?sp_atk=35b8b7de-8baf-4910-b350-0e24487fb5c6&xptdk=35b8b7de-8baf-4910-b350-0e24487fb5c6,30499,MORY MONY,-,-,REYRESHY,-,-
KBOGOR,D1579,Lucira,D1579 Lucira,27840,30999,https://shopee.co.id/DOMMO-D1579-TAS-LUCIRA-SELEMPANG-BAREL-RANTAI-PREMIUM-i.135900627.19928147100?sp_atk=6d5fc49f-e16e-477f-81c3-6cd785f6bea1&xptdk=6d5fc49f-e16e-477f-81c3-6cd785f6bea1,30999,MORY MONY,-,-,REYRESHY,-,-
KBOGOR,D1425,Tas Azriel,D1425 Tas Azriel,14000,14000,https://shopee.co.id/-LOKAL-DOMMO-D1425-Waistbag-AZRIEL-Waistbag-Sporthy-Pria-Wanita-i.135900627.3769053495?sp_atk=a925267a-1e13-4c13-88a7-4664caf305c4&xptdk=a925267a-1e13-4c13-88a7-4664caf305c4,14000,MORY MONY,-,-,REYRESHY,14500,https://shopee.co.id/RR-AZRIEL-Waistbag-Sporthy-Pria-Wanita-i.154549401.3440898635?sp_atk=a4d86ab1-d5b0-41d3-b022-9cdb7a6f4102&xptdk=a4d86ab1-d5b0-41d3-b022-9cdb7a6f4102
KBOGOR,D1562,Tas Maruko,D1562 Tas Maruko,16095,19500,https://shopee.co.id/DOMMO-D1562-Tas-MARUKO-Selempang-Wanita-Slingbag-Mika-i.135900627.19217215136?sp_atk=f2536928-b9b0-4aba-8db9-0eb8411ca731&xptdk=f2536928-b9b0-4aba-8db9-0eb8411ca731,19500,MORY MONY,-,-,REYRESHY,19450,https://shopee.co.id/TERLARIS!!-Tas-Maruko-Selempang-Wanita-Tas-Mika-Tas-Cewek-Jinjing-i.3942762.13605230962?sp_atk=bdf73389-16fd-48ac-9313-145baa070e55&xptdk=bdf73389-16fd-48ac-9313-145baa070e55
KBOGOR,D1538,Tas Donat,D1538 Tas Donat,33673,36999,https://shopee.co.id/DOMMO-D1538-Tas-Anak-Bentuk-Donat-T5152-Tas-Fashion-Anak-Ransel-Donat-Anak-Backpack-Donut-Anak-Tas-Punggung-Anak-Tas-Lucu-i.135900627.18215032307?sp_atk=27c810e9-5298-4129-b442-f25b693966c8&xptdk=27c810e9-5298-4129-b442-f25b693966c8,36999,MORY MONY,-,-,REYRESHY,44500,https://shopee.co.id/OSM-JKT-T5152-Tas-Anak-Bentuk-Donat-Tas-Fashion-Anak-Ransel-Donat-Anak-Backpack-Donut-Anak-Tas-Punggung-Anak-Tas-Lucu-Tas-Import-i.231799972.6888565904?sp_atk=486b29d1-48c6-4d55-a277-1ad3bf44a3dc&xptdk=486b29d1-48c6-4d55-a277-1ad3bf44a3dc
KBOGOR,D1524,Tas Chelsy,D1524 Tas Chelsy,27840,33000,https://shopee.co.id/DOMMO-D1524-TAS-CHELSY-Tas-Selempang-Wanita-Fashion-Slingbag-Rantai-i.135900627.16127527407?sp_atk=3daf2d6d-2b0c-4765-a83f-733aab164ae6&xptdk=3daf2d6d-2b0c-4765-a83f-733aab164ae6,33000,MORY MONY,20000,https://shopee.co.id/Tas-Selempang-Wanita-Fashion-Slingbag-Rantai-MORMON-CHELSY-i.20287667.11544882807?sp_atk=e9616fdb-effa-4349-afc8-7d807623b915&xptdk=e9616fdb-effa-4349-afc8-7d807623b915,REYRESHY,23500,https://shopee.co.id/2.2-COD-SALE-Chelsy-bag-selempang-Tas-selempang-wanita-Tas-wanita-Fashion-wanita-tas-Amora-i.216641354.10614002128?sp_atk=27ef952b-1fb5-4de0-ac83-1c14b19a5fa9&xptdk=27ef952b-1fb5-4de0-ac83-1c14b19a5fa9
KBOGOR,D1535,Tas Katya,D1535 Tas Katya,21315,21315,-,-,MORY MONY,-,-,REYRESHY,-,-
KBOGOR,D1476,Tas Faye,D1476 Tas Faye,17100,20000,https://shopee.co.id/-LOKAL-DOMMO-D1476-Tas-FAYE-Shoulder-Bag-i.135900627.8523405810?sp_atk=51458a9c-cc05-452b-b08e-e65657e15100&xptdk=51458a9c-cc05-452b-b08e-e65657e15100,20000,MORY MONY,-,-,REYRESHY,18000,https://shopee.co.id/FAYE-Shoulder-Bag-Wanita-i.90497767.9845979111?sp_atk=4e434e0e-2883-49ff-9645-d844d4c2f1eb&xptdk=4e434e0e-2883-49ff-9645-d844d4c2f1eb
KBOGOR,D1040,Bubys,D1040 Bubys,20000,16500,https://shopee.co.id/-LOKAL-DOMMO-D1040-BUBYS-Dari-Jakarta-BISA-COD-PROMO-Tas-Kitty-Mika-BUBYS-of-London-MORYMONY-i.135900627.2591726341?sp_atk=7baaccfb-7fd6-4f6e-a6b4-d36e3da79800&xptdk=7baaccfb-7fd6-4f6e-a6b4-d36e3da79800,16500,MORY MONY,-,-,REYRESHY,16500,https://shopee.co.id/RR-TAS-BUBYS-Tas-Selempang-Wanita-Slingbag-Bubys-Of-London-i.154549401.4952850040?sp_atk=535be9b4-f98d-4634-8820-6174499d8f50&xptdk=535be9b4-f98d-4634-8820-6174499d8f50
KBOGOR,D1454,Tas Ansel,D1454 Tas Ansel,11745,14500,https://shopee.co.id/-LOKAL-DOMMO-D1454-Tas-ANSEL-Shoulder-Bag-Wanita-i.135900627.8716881836?sp_atk=f4db9e7b-39d0-4cd9-8786-c0b257b5f58c&xptdk=f4db9e7b-39d0-4cd9-8786-c0b257b5f58c,14500,MORY MONY,-,-,REYRESHY,14500,https://shopee.co.id/BFS-ANSEL_shoulder-bag-wanita-i.458438345.8865432805?sp_atk=630c8242-28b8-4aa6-ba87-3170b6ed1b17&xptdk=630c8242-28b8-4aa6-ba87-3170b6ed1b17
KBOGOR,D1428,Waistbag Staypro,D1428 Waistbag Staypro,20000,25000,https://shopee.co.id/-LOKAL-DOMMO-D1428-WAISTBAG-STAYPRO-Tas-selempang-Pria-Wanita-i.135900627.8105008057?sp_atk=29ac06dd-9c06-4348-b63b-1642315a03f9&xptdk=29ac06dd-9c06-4348-b63b-1642315a03f9,25000,MORY MONY,-,-,REYRESHY,-,-
KBOGOR,D1526,Tas Mika Jelly,D1526 Tas Mika Jelly,20000,29999,https://shopee.co.id/DOMMO-D1526-Tas-Mika-Jelly-Tas-Selempang-Wanita-Jelly-Transparan-Tas-Mika-Tas-Fashion-i.135900627.15166083897?sp_atk=21ae60f6-2947-435e-b103-92dfcf8b07a9&xptdk=21ae60f6-2947-435e-b103-92dfcf8b07a9,29999,MORY MONY,-,-,REYRESHY,-,-
KBOGOR,D1459,Tas Today,D1459 Tas Today,24359,28999,https://shopee.co.id/-LOKAL-DOMMO-D1459-Tas-Today-Tas-Wanita-Ransel-Wanita-i.135900627.9916884263?sp_atk=ec25a617-1f44-4ada-819a-88ebc09a4da6&xptdk=ec25a617-1f44-4ada-819a-88ebc09a4da6,28999,MORY MONY,-,-,REYRESHY,-,-
KBOGOR,D1471,Tas Esme,D1471 Tas Esme,18899,21999,D14 Ransel ,21999,MORY MONY,-,-,REYRESHY,-,-
KBOGOR,D1558,Tas Wanda,D1558 Tas Wanda,10875,13500,https://shopee.co.id/DOMMO-D1558-Tas-Wanda-Nellie-Selempang-Sling-Bag-Croco-Mini-MORYMONY-i.135900627.18617176820?sp_atk=d0d71e9a-8895-408a-90f5-03208ec5bc2f&xptdk=d0d71e9a-8895-408a-90f5-03208ec5bc2f,13500,MORY MONY,13500,https://shopee.co.id/Sling-Bag-Croco-Wanda-Nellie-Tas-Selempang-Mini-Slingbag-MORMON-i.20287667.12619720730?sp_atk=e1099f61-a2d9-4139-9df3-245281319e14&xptdk=e1099f61-a2d9-4139-9df3-245281319e14,REYRESHY,-,-
KBOGOR,D1523,Tas Bombies,D1523 Tas Bombies,35000,44999,https://shopee.co.id/DOMMO-D1523-TAS-BOMBES-TAS-RANSEL-PRIA-JUMBO-DISTRO-i.135900627.16124780262?sp_atk=689a0be7-80ec-4a23-b855-48226f346360&xptdk=689a0be7-80ec-4a23-b855-48226f346360,44999,MORY MONY,-,-,REYRESHY,-,-
KBOGOR,D1546,Tas Syifa,D1546 Tas Syifa,40820,59000,https://shopee.co.id/DOMMO-D1546-Tas-SYIFA-Selempang-Wanita-T5094-Slingbag-Wanita-Tas-Import-Handbag-i.135900627.18515588769?sp_atk=1d004009-dc10-4dcc-8bee-93db6c459eb6&xptdk=1d004009-dc10-4dcc-8bee-93db6c459eb6,59000,MORY MONY,-,-,REYRESHY,-,-
KBOGOR,D1571,Tas Felicity,D1571 Tas Felicity,9570,12000,https://shopee.co.id/DOMMO-D1571-Tas-FELICITY-Selempang-Wanita-Kanvas-i.135900627.18221393504?sp_atk=4cea74c5-4461-4013-8794-ce3809b54302&xptdk=4cea74c5-4461-4013-8794-ce3809b54302,12000,MORY MONY,19999,https://shopee.co.id/NF-Felicity-slingbag-tas-selempang-wanita-korean-style-lokal-tanpa-gantungan-i.182644447.17622495779?sp_atk=e785ad0f-e21e-4aea-8d8b-bb71ca3452ba&xptdk=e785ad0f-e21e-4aea-8d8b-bb71ca3452ba,REYRESHY,22400,https://shopee.co.id/SLING-BAG-KOREA-STYLE-Felicity-Tas-selempang-messenger-kanvas-i.310151958.13420690640?sp_atk=04e5aa01-32e9-4bbe-af17-628b1401131d&xptdk=04e5aa01-32e9-4bbe-af17-628b1401131d
KBOGOR,D1557,Tas Julia,D1557 Tas Julia,13919,18000,https://shopee.co.id/DOMMO-D1557-Tas-JULIA-Selempang-Wanita-Slingbag-i.135900627.15388910683?sp_atk=1afedfc3-5e63-4473-9efc-6741084adb78&xptdk=1afedfc3-5e63-4473-9efc-6741084adb78,18000,MORY MONY,18000,https://shopee.co.id/MORMON-JULIA-Tas-Selempang-Wanita-Slingbag-i.20287667.9821531433?sp_atk=e444ceff-b871-445d-a167-729ceef54073&xptdk=e444ceff-b871-445d-a167-729ceef54073,REYRESHY,-,-
KBOGOR,D1549,Tas Diva,D1549 Tas Diva,15210,16900,https://shopee.co.id/DOMMO-D1549-Tas-DIVA-Slempang-2-Warna-Pita-Zipper-T083-Tas-Wanita-Slingbag-Tas-Fashion-i.135900627.14088709694?sp_atk=d5b6b27b-2bdc-4113-9555-613302576e78&xptdk=d5b6b27b-2bdc-4113-9555-613302576e78,16900,MORY MONY,-,-,REYRESHY,-,-
KBOGOR,D1556,Tas Pocket JRX,D1556 Tas Pocket JRX,10875,13500,https://shopee.co.id/DOMMO-D1556-Tas-JRX-Selempang-Pocket-Tempat-Hp-Pria-Wanita-i.135900627.20217113934?sp_atk=81e062a8-8397-4dd7-b5d2-bd8d96104f54&xptdk=81e062a8-8397-4dd7-b5d2-bd8d96104f54,13500,MORY MONY,-,-,REYRESHY,-,-
KBOGOR,D1501,Tas Jelly Kecil,D1501 Tas Jelly Kecil,16103,18499,https://shopee.co.id/DOMMO-D1501-Tas-Selempang-Mini-Tas-Handbag-Jelly-Bag-Mutiara-Gaya-Korea-Tas-Fashion-i.135900627.8583500317?sp_atk=62fdc2df-20ce-4c76-8e24-a54f9391e8b4&xptdk=62fdc2df-20ce-4c76-8e24-a54f9391e8b4,18499,MORY MONY,-,-,REYRESHY,-,-
KBOGOR,D1501,Tas Jelly Besar,D1501 Tas Jelly Besar,24142,37499,https://shopee.co.id/DOMMO-D1501-Tas-Selempang-Mini-Tas-Handbag-Jelly-Bag-Mutiara-Gaya-Korea-Tas-Fashion-i.135900627.8583500317?sp_atk=62fdc2df-20ce-4c76-8e24-a54f9391e8b4&xptdk=62fdc2df-20ce-4c76-8e24-a54f9391e8b4,37499,MORY MONY,-,-,REYRESHY,-,-
KBOGOR,D1257,Elmo Amelia,D1257 Elmo Amelia,7500,8667,https://shopee.co.id/-LOKAL-DOMMO-D1257-ELMO-AMELIA-JIMIN-Tas-Waistbag-Backpack-tanpa-aksesoris-Morymony-i.135900627.7125788092?sp_atk=3145cc83-e753-4535-9971-fac796b79edb&xptdk=3145cc83-e753-4535-9971-fac796b79edb,8667,MORY MONY,-,-,REYRESHY,-,-
KBOGOR,D1352,Almira,D1352 Almira,9900,13000,https://shopee.co.id/product/135900627/6946657201/,13000,MORY MONY,-,-,REYRESHY,-,-
KBOGOR,D1189,Akiko,D1189 Akiko,27000,28890,https://shopee.co.id/-LOKAL-DOMMO-D1189-AKIKO-Tas-Selempang-Wanita-MORYMONY-DARI-JAKARTA-BISA-COD-i.135900627.6417659816?sp_atk=99bedf80-89f5-49f1-84c2-c9bf11c9a46a&xptdk=99bedf80-89f5-49f1-84c2-c9bf11c9a46a,28890,MORY MONY,-,-,REYRESHY,-,-
KBOGOR,D1288,Dompet Jessica,D1288 Dompet Jessica,20213,29899,https://shopee.co.id/-IMPOR-DOMMO-D1288-Dompet-Jessica-Panjang-Wanita-Dompet-Fashion-Wanita-Dompet-Wanita-Batam-Import-i.135900627.7532473729?sp_atk=10376a17-f2ed-4b19-bb49-9636ffe7233c&xptdk=10376a17-f2ed-4b19-bb49-9636ffe7233c,29899,MORY MONY,-,-,REYRESHY,-,-
KBOGOR,D1580,RC Geovani,D1580 RC Geovani,12180,13999,https://shopee.co.id/DOMMO-D1580-Ransel-RC-GEOVANI-i.135900627.18329181247?sp_atk=7ebe794c-f179-42ee-8bec-8fbc4aadcece&xptdk=7ebe794c-f179-42ee-8bec-8fbc4aadcece,13999,MORY MONY,-,-,REYRESHY,-,-
KBOGOR,D1438,Tas Hazel,D1438 Tas Hazel,12599,14999,https://shopee.co.id/-LOKAL-DOMMO-D1438-Tas-HAZEL-Tas-Selempang-Pria-Wanita-i.135900627.7779035470?sp_atk=28ef0eca-568a-4ce3-b8e3-cfcab1eb49d6&xptdk=28ef0eca-568a-4ce3-b8e3-cfcab1eb49d6,14999,MORY MONY,-,-,REYRESHY,-,-
KBOGOR,D1411,Tas Risni,D1411 Tas Risni,18400,18500,https://shopee.co.id/-LOKAL-DOMMO-D1411-Tas-Selempang-RISNI-Tas-Selempang-Tas-Fashionable-Wanita-i.135900627.7777743161?sp_atk=456fd1dd-7e86-40e2-8dfc-0a72e3a4783b&xptdk=456fd1dd-7e86-40e2-8dfc-0a72e3a4783b,18500,MORY MONY,-,-,REYRESHY,-,-
KBOGOR,D1089,Totebag Alice,D1089 Totebag Alice,10895,9999,https://shopee.co.id/-IMPOR-DOMMO-D1089-ALICE-BISA-COD-TAS-IMPORT-TAS-KANVAS-TAS-BATAM-TOTE-BAG-TAS-CANVAS-i.135900627.6710002373?sp_atk=46a28ce0-5716-4fb5-99ef-ac84cfc76f79&xptdk=46a28ce0-5716-4fb5-99ef-ac84cfc76f79,9999,MORY MONY,-,-,REYRESHY,-,-
KBOGOR,D1202,Tas Kanawa,D1202 Tas Kanawa,21902,23000,https://shopee.co.id/-LOKAL-DOMMO-D1202-KANAWA-Tas-Ransel-Backpack-Fashion-Wanita-Morymony-i.135900627.5821429904?sp_atk=324e15c6-a5f4-4688-ae97-387bc0f6d3aa&xptdk=324e15c6-a5f4-4688-ae97-387bc0f6d3aa,23000,MORY MONY,-,-,REYRESHY,-,-
KBOGOR,D1078,Tas Minion,D1078 Tas Minion,17835,21500,https://shopee.co.id/-LOKAL-DOMMO-D1078-TAS-MINION-Tas-Ransel-mini-Wanita-Backpack-Fashion-MORYMONY-i.135900627.4908638485?sp_atk=d94f7a9c-138e-4039-b53c-0c1f25b443aa&xptdk=d94f7a9c-138e-4039-b53c-0c1f25b443aa,21500,MORY MONY,-,-,REYRESHY,-,-
KBOGOR,D1335,Tas Kim,D1335 Tas Kim,8850,15000,https://shopee.co.id/-LOKAL-DOMMO-D1335-TAS-KIM-Tas-Selempang-Wanita-i.135900627.6342711985?sp_atk=374d82a1-be77-49be-bf33-3dfe9998b365&xptdk=374d82a1-be77-49be-bf33-3dfe9998b365,15000,MORY MONY,-,-,REYRESHY,-,-
KBOGOR,D1157,Tas Sherina,D1157 Tas Sherina,12833,15751,https://shopee.co.id/-LOKAL-DOMMO-D1157-BACKPACK-SHERINA-Tas-Ransel-Backpack-Fashion-morymony-i.135900627.4616830626?sp_atk=f9b5e9a6-ec79-4c59-b71e-76629385cac2&xptdk=f9b5e9a6-ec79-4c59-b71e-76629385cac2,15751,MORY MONY,-,-,REYRESHY,-,-
KBOGOR,D1126,Tas Paper,D1126 Tas Paper,13500,12500,https://shopee.co.id/-LOKAL-DOMMO-D1126-TAS-PAPER-Dari-Jakarta-Bisa-COD-Tas-Tote-Wanita-Morymony-i.135900627.5615791223?sp_atk=ef70df01-367f-4249-8457-468f4b6d200f&xptdk=ef70df01-367f-4249-8457-468f4b6d200f,12500,MORY MONY,-,-,REYRESHY,-,-
KBOGOR,D1504,Totebag Dommo Resleting,D1504 Totebag Dommo Resleting,4100,4999,https://shopee.co.id/-LOKAL-DOMMO-D1504-Totebag-DOMMO-ADA-RESLETING-JAKARTA-BISA-COD-i.135900627.4196375000?sp_atk=21f006fc-0e79-4633-a963-8f75dee61dc3&xptdk=21f006fc-0e79-4633-a963-8f75dee61dc3,4999,MORY MONY,-,-,REYRESHY,-,-
KBOGOR,D1246,Tas Klipe,D1246 Tas Klipe,16529,23000,https://shopee.co.id/-LOKAL-DOMMO-D1246-TAS-KLIPE-Tas-Ransel-Backpack-Korea-Fashion-Morymony-i.135900627.3525816130?sp_atk=db0bd41c-15c1-4737-8609-28d2deb38f85&xptdk=db0bd41c-15c1-4737-8609-28d2deb38f85,23000,MORY MONY,-,-,REYRESHY,-,-
KBOGOR,D1477,Ransel BOY,D1477 Ransel BOY,20445,24500,https://shopee.co.id/product/135900627/7781305748/,24500,MORY MONY,-,-,REYRESHY,-,-
KBOGOR,D1441,Tas Joan,D1441 Tas Joan,27870,26500,https://shopee.co.id/-LOKAL-DOMMO-D1441-Tas-JOAN-Tas-Ransel-Wanita-Bisa-Selempang-i.135900627.3379143741?sp_atk=6ee58e64-e9b5-4fd3-9ad4-11d5181541b1&xptdk=6ee58e64-e9b5-4fd3-9ad4-11d5181541b1,26500,MORY MONY,-,-,REYRESHY,-,-
KBOGOR,D1380,Totebag Resleting,D1380 Totebag Resleting,4100,4888,https://shopee.co.id/-LOKAL-DOMMO-D1380-Totebag-(PAKAI-RESLETING)-Tote-bag-GAMBAR-UNIK-kpop-murah-wanita-custom-motif-i.135900627.4366204205?sp_atk=a2b952b9-5206-494a-936c-b210eb5c0e00&xptdk=a2b952b9-5206-494a-936c-b210eb5c0e00,4888,MORY MONY,-,-,REYRESHY,-,-
KBOGOR,D1550,D1550,D1550,27248,29999,https://shopee.co.id/product/135900627/20815628649/,29999,MORY MONY,-,-,REYRESHY,-,-
KBOGOR,D1583,Tas Nagita,D1583 Tas Nagita,3915,5999,https://shopee.co.id/product/135900627/19430240561/,5999,MORY MONY,-,-,REYRESHY,-,-
KBOGOR,D1582,Tas MIHUA,D1582 Tas MIHUA,10875,12999,https://shopee.co.id/product/135900627/18330239221/,12999,MORY MONY,-,-,REYRESHY,-,-
KBOGOR,D1581,Tas Anya,D1581 Tas Anya,11223,13400,https://shopee.co.id/product/135900627/16781026687/,13400,MORY MONY,-,-,REYRESHY,-,-
KBOGOR,D1545,Tas Amel,D1545 Tas Amel,29758,39500,https://shopee.co.id/DOMMO-D1545-Tas-AMEL-Selempang-Wanita-T5091-Slingbag-Tas-Import-Bahan-Kulit-PU-Handbag-Wanita-i.135900627.20315582676?sp_atk=ac82df63-46ef-4167-9b81-2bd69658540a&xptdk=ac82df63-46ef-4167-9b81-2bd69658540a,39500,MORY MONY,-,-,REYRESHY,-,-
KBOGOR,D1552,D1552,D1552,19435,25500,https://shopee.co.id/product/135900627/20216576045/,25500,MORY MONY,-,-,REYRESHY,-,-
KBOGOR,D1544,D1544,D1544,11699,12999,https://shopee.co.id/product/135900627/20715576511/,12999,MORY MONY,-,-,REYRESHY,-,-
KBOGOR,D1460,RANSEL KPOP,D1460 RANSEL KPOP,13200,19999,https://shopee.co.id/product/135900627/9316959310/,19999,MORY MONY,-,-,REYRESHY,-,-
KBOGOR,D1456,FIKA LOVE,D1456 FIKA LOVE,24359,28999,https://shopee.co.id/product/135900627/9616890440/,28999,MORY MONY,-,-,REYRESHY,-,-
KBOGOR,D1451,FLORENCE,D1451 FLORENCE,8099,8500,https://shopee.co.id/product/135900627/9315271287/,8500,MORY MONY,-,-,REYRESHY,-,-
KBOGOR,D1086,LOVESIGN PEREKAT,D1086 LOVESIGN PEREKAT,2800,3599,https://shopee.co.id/product/135900627/13936775918/,3599,MORY MONY,-,-,REYRESHY,-,-
KBOGOR,D1086,LOVESIGN RESLETING,D1086 LOVESIGN RESLETING,4100,4999,https://shopee.co.id/product/135900627/13936775918/,4999,MORY MONY,-,-,REYRESHY,-,-
KBOGOR,D1522,TAS ANISA,D1522 TAS ANISA,20445,24500,https://shopee.co.id/product/135900627/17523922779/,24500,MORY MONY,-,-,REYRESHY,-,-
KBOGOR,D1555,Tas Selempang Anak Hits,D1555 Tas Selempang Anak Hits,7617,11800,https://shopee.co.id/product/135900627/18617466430/,11800,MORY MONY,-,-,REYRESHY,-,-
KBOGOR,D1454,Tas ANSEL,D1454 Tas ANSEL,11745,14500,https://shopee.co.id/product/135900627/8716881836/,14500,MORY MONY,-,-,REYRESHY,-,-
KBOGOR,D1547,Tas DINA,D1547 Tas DINA,16235,17250,https://shopee.co.id/product/135900627/20515593752/,17250,MORY MONY,-,-,REYRESHY,-,-
KBOGOR,D1563,Tas Allya,D1563 Tas Allya,10005,12500,https://shopee.co.id/product/135900627/20817444909/,12500,MORY MONY,-,https://shopee.co.id/Tas-Croco-Mini-Allya-Tas-Selempang-Wanita-Slingbag-MORMON-i.20287667.15034134361?sp_atk=9cb8f826-9e2d-4c0a-8f70-e034f64e3937&xptdk=9cb8f826-9e2d-4c0a-8f70-e034f64e3937,REYRESHY,-,-
KBOGOR,D1543,Tas LITA,D1543 Tas LITA,27751,38999,https://shopee.co.id/product/135900627/19815573175/,38999,MORY MONY,-,-,REYRESHY,-,-
KBOGOR,D1548,Tas NADIA,D1548 Tas NADIA,16500,16500,https://shopee.co.id/product/135900627/18915597919/,16500,MORY MONY,-,-,REYRESHY,-,-
KBOGOR,D1534,Tas JAMES,D1534 Tas JAMES,20010,23500,https://shopee.co.id/product/135900627/20713825511/,23500,MORY MONY,-,-,REYRESHY,-,-
KBOGOR,D1455,Tas SEKAR,D1455 Tas SEKAR,16000,19999,https://shopee.co.id/product/135900627/9116883523/,19999,MORY MONY,-,-,REYRESHY,-,-
KBOGOR,D1156,TAS RENATA,D1156 TAS RENATA,25972,29900,https://shopee.co.id/product/135900627/6716829584/,29900,MORY MONY,-,-,REYRESHY,-,-
KBOGOR,D1431,TAS DELVA,D1431 TAS DELVA,11000,13999,https://shopee.co.id/product/135900627/6477631849/,13999,MORY MONY,-,-,REYRESHY,-,-
KBOGOR,D1198,SHU,D1198 SHU,16800,16800,https://shopee.co.id/product/135900627/7118233860/,-,MORY MONY,-,-,REYRESHY,-,-
KBOGOR,D1179,Tas Ransel Anak Anak Karakter,D1179 Tas Ransel Anak Anak Karakter,13038,16499,https://shopee.co.id/product/135900627/6617402903/,16499,MORY MONY,-,-,REYRESHY,-,-
KBOGOR,D1356,Dompet GWENDA,D1356 Dompet GWENDA,9992,14500,https://shopee.co.id/product/135900627/4848881040/,14500,MORY MONY,-,-,REYRESHY,-,-
KBOGOR,D1211,DOMPET ANGSA BORDIR,D1211 DOMPET ANGSA BORDIR,11223,12500,[LOKAL] DOMMO - D1211 DOMPET ANGSA BORDIR - Dompet Lipat Mini Lucu MORYMONY BISA COD,12500,MORY MONY,-,-,REYRESHY,-,-
KBOGOR,D1137,TAS BACKPACK SUSHI,D1137 TAS BACKPACK SUSHI,20500,15000,https://shopee.co.id/product/135900627/5515826874/,15000,MORY MONY,-,-,REYRESHY,-,-
KBOGOR,D1164,TAS RANSEL PUM,D1164 TAS RANSEL PUM,23200,23200,https://seller.shopee.co.id/portal/product/6417093655/,23200,MORY MONY,-,-,REYRESHY,-,-
KBOGOR,D1357,Dompet DESY,D1357 Dompet DESY,11920,12000,https://shopee.co.id/product/135900627/3648985815/,12000,MORY MONY,-,-,REYRESHY,-,-
